[
  {
    "artistName": "André Rieu",
    "segment": "Previously Active Listeners"
  },
  {
    "artistName": "Kas",
    "segment": "Previously Active Listeners"
  },
  {
    "artistName": "Integrity's Hosanna! Music",
    "segment": "Previously Active Listeners"
  },
  {
    "artistName": "Rosa Linn",
    "segment": "Previously Active Listeners"
  },
  {
    "artistName": "Deborah Billyben",
    "segment": "Previously Active Listeners"
  },
  {
    "artistName": "121SELAH",
    "segment": "Previously Active Listeners"
  },
  {
    "artistName": "fun.",
    "segment": "Previously Active Listeners"
  },
  {
    "artistName": "Lighthouse Family",
    "segment": "Previously Active Listeners"
  },
  {
    "artistName": "Joshua Mike-Bamiloye",
    "segment": "Previously Active Listeners"
  },
  {
    "artistName": "Lawrence Oyor",
    "segment": "Previously Active Listeners"
  },
  {
    "artistName": "Teddy Swims",
    "segment": "Previously Active Listeners"
  },
  {
    "artistName": "Wyn Starks",
    "segment": "Previously Active Listeners"
  },
  {
    "artistName": "Seinabo Sey",
    "segment": "Previously Active Listeners"
  },
  {
    "artistName": "Cyndi Lauper",
    "segment": "Previously Active Listeners"
  },
  {
    "artistName": "Lloyiso",
    "segment": "Previously Active Listeners"
  },
  {
    "artistName": "Sarah Reeves",
    "segment": "Previously Active Listeners"
  },
  {
    "artistName": "Tobe Nwigwe",
    "segment": "Previously Active Listeners"
  },
  {
    "artistName": "George Frideric Handel",
    "segment": "Previously Active Listeners"
  },
  {
    "artistName": "Nathan Evans",
    "segment": "Previously Active Listeners"
  },
  {
    "artistName": "Emeli Sandé",
    "segment": "Previously Active Listeners"
  },
  {
    "artistName": "Wolfgang Amadeus Mozart",
    "segment": "Previously Active Listeners"
  },
  {
    "artistName": "Dunsin Oyekan",
    "segment": "Previously Active Listeners"
  },
  {
    "artistName": "Diana Ross",
    "segment": "Previously Active Listeners"
  },
  {
    "artistName": "Jon Bellion",
    "segment": "Previously Active Listeners"
  },
  {
    "artistName": "Akon",
    "segment": "Previously Active Listeners"
  },
  {
    "artistName": "Lifepointe Band",
    "segment": "Previously Active Listeners"
  },
  {
    "artistName": "Victoria Orenze",
    "segment": "Previously Active Listeners"
  },
  {
    "artistName": "Ryan Ofei",
    "segment": "Previously Active Listeners"
  },
  {
    "artistName": "Spice Girls",
    "segment": "Previously Active Listeners"
  },
  {
    "artistName": "Frank Edwards",
    "segment": "Previously Active Listeners"
  },
  {
    "artistName": "We The Kingdom",
    "segment": "Previously Active Listeners"
  },
  {
    "artistName": "Team Eternity Ghana",
    "segment": "Previously Active Listeners"
  },
  {
    "artistName": "Duncan Laurence",
    "segment": "Previously Active Listeners"
  },
  {
    "artistName": "Enrique Iglesias",
    "segment": "Previously Active Listeners"
  },
  {
    "artistName": "Amy Winehouse",
    "segment": "Previously Active Listeners"
  },
  {
    "artistName": "Ric Hassani",
    "segment": "Previously Active Listeners"
  },
  {
    "artistName": "Daps Gwom",
    "segment": "Previously Active Listeners"
  },
  {
    "artistName": "Orpheus Chamber Orchestra",
    "segment": "Previously Active Listeners"
  },
  {
    "artistName": "CalledOut Music",
    "segment": "Previously Active Listeners"
  },
  {
    "artistName": "Sola Allyson",
    "segment": "Previously Active Listeners"
  },
  {
    "artistName": "Lang Lang",
    "segment": "Previously Active Listeners"
  },
  {
    "artistName": "DJ Sisi",
    "segment": "Previously Active Listeners"
  },
  {
    "artistName": "Johann Strauss Orchestra",
    "segment": "Previously Active Listeners"
  },
  {
    "artistName": "Brenda Russell",
    "segment": "Previously Active Listeners"
  },
  {
    "artistName": "Tom Odell",
    "segment": "Previously Active Listeners"
  },
  {
    "artistName": "Kusah",
    "segment": "Previously Active Listeners"
  },
  {
    "artistName": "Davido",
    "segment": "Previously Active Listeners"
  },
  {
    "artistName": "Osinachi Nwachukwu",
    "segment": "Previously Active Listeners"
  },
  {
    "artistName": "brooke",
    "segment": "Previously Active Listeners"
  },
  {
    "artistName": "Kizz Daniel",
    "segment": "Previously Active Listeners"
  },
  {
    "artistName": "Paul Tomisin",
    "segment": "Previously Active Listeners"
  },
  {
    "artistName": "Zendaya",
    "segment": "Previously Active Listeners"
  },
  {
    "artistName": "Neon Adejo",
    "segment": "Previously Active Listeners"
  },
  {
    "artistName": "Pentatonix",
    "segment": "Previously Active Listeners"
  },
  {
    "artistName": "Reuel Williams",
    "segment": "Previously Active Listeners"
  },
  {
    "artistName": "The Spirituals",
    "segment": "Previously Active Listeners"
  },
  {
    "artistName": "Nina Simone",
    "segment": "Previously Active Listeners"
  },
  {
    "artistName": "1Spirit & Theophilus Sunday",
    "segment": "Previously Active Listeners"
  },
  {
    "artistName": "Eminem",
    "segment": "Previously Active Listeners"
  },
  {
    "artistName": "Wiener Philharmoniker",
    "segment": "Previously Active Listeners"
  },
  {
    "artistName": "Paul Lewis",
    "segment": "Previously Active Listeners"
  },
  {
    "artistName": "Aṣa",
    "segment": "Previously Active Listeners"
  },
  {
    "artistName": "Christina Perri",
    "segment": "Previously Active Listeners"
  },
  {
    "artistName": "Lorenzo Ferrara",
    "segment": "Previously Active Listeners"
  },
  {
    "artistName": "Céline Dion",
    "segment": "Previously Active Listeners"
  },
  {
    "artistName": "Planetshakers",
    "segment": "Previously Active Listeners"
  },
  {
    "artistName": "Emino",
    "segment": "Previously Active Listeners"
  },
  {
    "artistName": "Teni",
    "segment": "Previously Active Listeners"
  },
  {
    "artistName": "Crayon",
    "segment": "Previously Active Listeners"
  },
  {
    "artistName": "Odunayo Adebayo",
    "segment": "Previously Active Listeners"
  },
  {
    "artistName": "Herbert von Karajan",
    "segment": "Previously Active Listeners"
  },
  {
    "artistName": "Mavins",
    "segment": "Previously Active Listeners"
  },
  {
    "artistName": "Gbenga Adenuga",
    "segment": "Previously Active Listeners"
  },
  {
    "artistName": "Ron Kenoly",
    "segment": "Previously Active Listeners"
  },
  {
    "artistName": "A Great Big World",
    "segment": "Previously Active Listeners"
  },
  {
    "artistName": "Joepraize",
    "segment": "Previously Active Listeners"
  },
  {
    "artistName": "Rag'n'Bone Man",
    "segment": "Previously Active Listeners"
  },
  {
    "artistName": "Ludwig van Beethoven",
    "segment": "Previously Active Listeners"
  },
  {
    "artistName": "Paul CleverLee",
    "segment": "Previously Active Listeners"
  },
  {
    "artistName": "Raybekah",
    "segment": "Previously Active Listeners"
  },
  {
    "artistName": "Stevie Wonder",
    "segment": "Previously Active Listeners"
  },
  {
    "artistName": "Lost Frequencies",
    "segment": "Previously Active Listeners"
  },
  {
    "artistName": "Skylar Grey",
    "segment": "Previously Active Listeners"
  },
  {
    "artistName": "P-Square",
    "segment": "Previously Active Listeners"
  },
  {
    "artistName": "Prospa Ochimana",
    "segment": "Previously Active Listeners"
  },
  {
    "artistName": "Shaggy",
    "segment": "Previously Active Listeners"
  },
  {
    "artistName": "Marshmello",
    "segment": "Previously Active Listeners"
  },
  {
    "artistName": "Mr M & Revelation",
    "segment": "Previously Active Listeners"
  },
  {
    "artistName": "Victor Thompson",
    "segment": "Previously Active Listeners"
  },
  {
    "artistName": "Nicki Minaj",
    "segment": "Previously Active Listeners"
  },
  {
    "artistName": "Bette Midler",
    "segment": "Previously Active Listeners"
  },
  {
    "artistName": "Gabriel Eziashi",
    "segment": "Previously Active Listeners"
  },
  {
    "artistName": "ABBA",
    "segment": "Previously Active Listeners"
  },
  {
    "artistName": "Peterson Okopi",
    "segment": "Previously Active Listeners"
  },
  {
    "artistName": "Kurt Masur",
    "segment": "Previously Active Listeners"
  },
  {
    "artistName": "Emma Kok",
    "segment": "Previously Active Listeners"
  },
  {
    "artistName": "Praiz Singz",
    "segment": "Previously Active Listeners"
  },
  {
    "artistName": "Cabo Snoop",
    "segment": "Previously Active Listeners"
  },
  {
    "artistName": "Bob Marley & The Wailers",
    "segment": "Previously Active Listeners"
  },
  {
    "artistName": "Halsey",
    "segment": "Previously Active Listeners"
  },
  {
    "artistName": "Various Artists",
    "segment": "Previously Active Listeners"
  },
  {
    "artistName": "Danny Gokey",
    "segment": "Previously Active Listeners"
  },
  {
    "artistName": "Jordan Praise",
    "segment": "Previously Active Listeners"
  },
  {
    "artistName": "David Bell",
    "segment": "Previously Active Listeners"
  },
  {
    "artistName": "Lionel Peterson",
    "segment": "Previously Active Listeners"
  },
  {
    "artistName": "Chioma Jesus",
    "segment": "Previously Active Listeners"
  },
  {
    "artistName": "Nosa",
    "segment": "Previously Active Listeners"
  },
  {
    "artistName": "Steve Crown",
    "segment": "Previously Active Listeners"
  },
  {
    "artistName": "Christina Aguilera",
    "segment": "Previously Active Listeners"
  },
  {
    "artistName": "Sir Victor Uwaifo",
    "segment": "Previously Active Listeners"
  },
  {
    "artistName": "Lil Wayne",
    "segment": "Previously Active Listeners"
  },
  {
    "artistName": "Peter Mikulas",
    "segment": "Previously Active Listeners"
  },
  {
    "artistName": "ECWA Yoruba Choir Mushin",
    "segment": "Previously Active Listeners"
  },
  {
    "artistName": "Avril Lavigne",
    "segment": "Previously Active Listeners"
  },
  {
    "artistName": "Phil Thompson",
    "segment": "Previously Active Listeners"
  },
  {
    "artistName": "Cobhams Asuquo",
    "segment": "Previously Active Listeners"
  },
  {
    "artistName": "CLOVES",
    "segment": "Previously Active Listeners"
  },
  {
    "artistName": "Stephen Cleobury",
    "segment": "Previously Active Listeners"
  },
  {
    "artistName": "Samm Henshaw",
    "segment": "Previously Active Listeners"
  },
  {
    "artistName": "kaestrings",
    "segment": "Previously Active Listeners"
  },
  {
    "artistName": "Macklemore",
    "segment": "Previously Active Listeners"
  },
  {
    "artistName": "Brymo",
    "segment": "Previously Active Listeners"
  },
  {
    "artistName": "THRDL!FE",
    "segment": "Previously Active Listeners"
  },
  {
    "artistName": "The Animals",
    "segment": "Previously Active Listeners"
  },
  {
    "artistName": "Linda Ronstadt",
    "segment": "Previously Active Listeners"
  },
  {
    "artistName": "Basketmouth",
    "segment": "Previously Active Listeners"
  },
  {
    "artistName": "Tomiwa Immanuel",
    "segment": "Previously Active Listeners"
  },
  {
    "artistName": "Common Hymnal",
    "segment": "Previously Active Listeners"
  },
  {
    "artistName": "P.Daniel Olawande",
    "segment": "Previously Active Listeners"
  },
  {
    "artistName": "Berliner Philharmoniker",
    "segment": "Previously Active Listeners"
  },
  {
    "artistName": "zaktherobot",
    "segment": "Previously Active Listeners"
  },
  {
    "artistName": "Maverick City Music",
    "segment": "Previously Active Listeners"
  },
  {
    "artistName": "Dunsin Oyekan & Kim Burrell",
    "segment": "Previously Active Listeners"
  },
  {
    "artistName": "Johnny Drille",
    "segment": "Previously Active Listeners"
  },
  {
    "artistName": "Vector",
    "segment": "Previously Active Listeners"
  },
  {
    "artistName": "The Cavemen.",
    "segment": "Previously Active Listeners"
  },
  {
    "artistName": "Lawrence",
    "segment": "Previously Active Listeners"
  },
  {
    "artistName": "Dr Paul Enenche",
    "segment": "Previously Active Listeners"
  },
  {
    "artistName": "Bastille",
    "segment": "Previously Active Listeners"
  },
  {
    "artistName": "Arash Safaian",
    "segment": "Previously Active Listeners"
  },
  {
    "artistName": "Owie Abutu",
    "segment": "Previously Active Listeners"
  },
  {
    "artistName": "Sia",
    "segment": "Previously Active Listeners"
  },
  {
    "artistName": "David Guetta",
    "segment": "Previously Active Listeners"
  },
  {
    "artistName": "Mr. C.G.O",
    "segment": "Previously Active Listeners"
  },
  {
    "artistName": "Crowder",
    "segment": "Previously Active Listeners"
  },
  {
    "artistName": "Alan Walker",
    "segment": "Previously Active Listeners"
  },
  {
    "artistName": "Adekunle Gold",
    "segment": "Previously Active Listeners"
  },
  {
    "artistName": "Elijah Oyelade",
    "segment": "Previously Active Listeners"
  },
  {
    "artistName": "Jimmy D Psalmist",
    "segment": "Previously Active Listeners"
  },
  {
    "artistName": "Hillsong UNITED",
    "segment": "Previously Active Listeners"
  },
  {
    "artistName": "Nelly Kokinos",
    "segment": "Previously Active Listeners"
  },
  {
    "artistName": "Marija Mckean",
    "segment": "Previously Active Listeners"
  },
  {
    "artistName": "Roxette",
    "segment": "Previously Active Listeners"
  },
  {
    "artistName": "Stromae",
    "segment": "Previously Active Listeners"
  },
  {
    "artistName": "Godswill Oyor",
    "segment": "Previously Active Listeners"
  },
  {
    "artistName": "Greatman Takit",
    "segment": "Previously Active Listeners"
  },
  {
    "artistName": "Jason Mraz",
    "segment": "Previously Active Listeners"
  },
  {
    "artistName": "Alexandra Burke",
    "segment": "Previously Active Listeners"
  },
  {
    "artistName": "FARR",
    "segment": "Previously Active Listeners"
  },
  {
    "artistName": "Illbliss",
    "segment": "Previously Active Listeners"
  },
  {
    "artistName": "Xtreme Dynasty",
    "segment": "Previously Active Listeners"
  },
  {
    "artistName": "Jayy Scott",
    "segment": "Previously Active Listeners"
  },
  {
    "artistName": "Etta James",
    "segment": "Previously Active Listeners"
  },
  {
    "artistName": "Yinka Okeleye",
    "segment": "Previously Active Listeners"
  },
  {
    "artistName": "Freke Umoh",
    "segment": "Previously Active Listeners"
  },
  {
    "artistName": "Kholi",
    "segment": "Previously Active Listeners"
  },
  {
    "artistName": "Gbenga Akinfenwa",
    "segment": "Previously Active Listeners"
  },
  {
    "artistName": "Toni Braxton",
    "segment": "Previously Active Listeners"
  },
  {
    "artistName": "FAVE",
    "segment": "Previously Active Listeners"
  },
  {
    "artistName": "AURORA",
    "segment": "Previously Active Listeners"
  },
  {
    "artistName": "Anna Leone",
    "segment": "Previously Active Listeners"
  },
  {
    "artistName": "Chigurl",
    "segment": "Previously Active Listeners"
  },
  {
    "artistName": "PRITCH",
    "segment": "Previously Active Listeners"
  },
  {
    "artistName": "Alicia Keys",
    "segment": "Previously Active Listeners"
  },
  {
    "artistName": "Meghan Trainor",
    "segment": "Previously Active Listeners"
  },
  {
    "artistName": "Godswill Oyor",
    "segment": "Previously Active Listeners"
  },
  {
    "artistName": "Alexander Briger",
    "segment": "Previously Active Listeners"
  },
  {
    "artistName": "Gotye",
    "segment": "Previously Active Listeners"
  },
  {
    "artistName": "August Alsina",
    "segment": "Previously Active Listeners"
  },
  {
    "artistName": "Vinesong",
    "segment": "Previously Active Listeners"
  },
  {
    "artistName": "Heritage Singers",
    "segment": "Previously Active Listeners"
  },
  {
    "artistName": "Reekado Banks",
    "segment": "Previously Active Listeners"
  },
  {
    "artistName": "Joseph Ibrahim",
    "segment": "Previously Active Listeners"
  },
  {
    "artistName": "Calum Scott",
    "segment": "Previously Active Listeners"
  },
  {
    "artistName": "Lionel Richie",
    "segment": "Previously Active Listeners"
  },
  {
    "artistName": "Labrinth",
    "segment": "Previously Active Listeners"
  },
  {
    "artistName": "Shola Aliogo",
    "segment": "Previously Active Listeners"
  },
  {
    "artistName": "Slovak Philharmonic Chorus",
    "segment": "Previously Active Listeners"
  },
  {
    "artistName": "Password",
    "segment": "Previously Active Listeners"
  },
  {
    "artistName": "R. Kelly",
    "segment": "Previously Active Listeners"
  },
  {
    "artistName": "Jo Deep",
    "segment": "Previously Active Listeners"
  },
  {
    "artistName": "Grace Carter",
    "segment": "Previously Active Listeners"
  },
  {
    "artistName": "Esther Oji",
    "segment": "Previously Active Listeners"
  },
  {
    "artistName": "2Baba",
    "segment": "Previously Active Listeners"
  },
  {
    "artistName": "Lucky Dube",
    "segment": "Previously Active Listeners"
  },
  {
    "artistName": "Jozef Kundlák",
    "segment": "Previously Active Listeners"
  },
  {
    "artistName": "Love Song",
    "segment": "Previously Active Listeners"
  },
  {
    "artistName": "Cynthia Erivo",
    "segment": "Previously Active Listeners"
  },
  {
    "artistName": "Tommee Profitt",
    "segment": "Previously Active Listeners"
  },
  {
    "artistName": "ILLENIUM",
    "segment": "Previously Active Listeners"
  },
  {
    "artistName": "Iniko",
    "segment": "Previously Active Listeners"
  },
  {
    "artistName": "Ed Sheeran",
    "segment": "Previously Active Listeners"
  },
  {
    "artistName": "Pastor Emmanuel Iren",
    "segment": "Previously Active Listeners"
  },
  {
    "artistName": "R. City",
    "segment": "Previously Active Listeners"
  },
  {
    "artistName": "Falz",
    "segment": "Previously Active Listeners"
  },
  {
    "artistName": "Khaid",
    "segment": "Previously Active Listeners"
  },
  {
    "artistName": "Nathaniel Bassey",
    "segment": "Previously Active Listeners"
  },
  {
    "artistName": "ELI-J",
    "segment": "Previously Active Listeners"
  },
  {
    "artistName": "Chizie",
    "segment": "Previously Active Listeners"
  },
  {
    "artistName": "Skott",
    "segment": "Previously Active Listeners"
  },
  {
    "artistName": "Magixx",
    "segment": "Previously Active Listeners"
  },
  {
    "artistName": "Pheelz",
    "segment": "Previously Active Listeners"
  },
  {
    "artistName": "David Dam",
    "segment": "Previously Active Listeners"
  },
  {
    "artistName": "Dido",
    "segment": "Previously Active Listeners"
  },
  {
    "artistName": "Stanaj",
    "segment": "Previously Active Listeners"
  },
  {
    "artistName": "Eibell",
    "segment": "Previously Active Listeners"
  },
  {
    "artistName": "James Bay",
    "segment": "Previously Active Listeners"
  },
  {
    "artistName": "Ruth B.",
    "segment": "Previously Active Listeners"
  },
  {
    "artistName": "Ryan Lewis",
    "segment": "Previously Active Listeners"
  },
  {
    "artistName": "Mario Sollazzo",
    "segment": "Previously Active Listeners"
  },
  {
    "artistName": "Minister GUC",
    "segment": "Previously Active Listeners"
  },
  {
    "artistName": "Jaroslava Horska",
    "segment": "Previously Active Listeners"
  },
  {
    "artistName": "Focalistic",
    "segment": "Previously Active Listeners"
  },
  {
    "artistName": "Ebuka Songs",
    "segment": "Previously Active Listeners"
  },
  {
    "artistName": "Paul Wilbur",
    "segment": "Previously Active Listeners"
  },
  {
    "artistName": "Blaqbonez",
    "segment": "Previously Active Listeners"
  },
  {
    "artistName": "London Mozart Players",
    "segment": "Previously Active Listeners"
  },
  {
    "artistName": "Lawrence Oyor",
    "segment": "Previously Active Listeners"
  },
  {
    "artistName": "Alec Benjamin",
    "segment": "Previously Active Listeners"
  },
  {
    "artistName": "Festizie",
    "segment": "Previously Active Listeners"
  },
  {
    "artistName": "Common",
    "segment": "Previously Active Listeners"
  },
  {
    "artistName": "Pita",
    "segment": "Previously Active Listeners"
  },
  {
    "artistName": "Ucious Music",
    "segment": "Previously Active Listeners"
  },
  {
    "artistName": "Bro Ifeanyichukwu Onyeachonam",
    "segment": "Previously Active Listeners"
  },
  {
    "artistName": "Igor Levit",
    "segment": "Previously Active Listeners"
  },
  {
    "artistName": "Chilo De Cristo",
    "segment": "Previously Active Listeners"
  },
  {
    "artistName": "CeCe Winans",
    "segment": "Previously Active Listeners"
  },
  {
    "artistName": "Don Moen",
    "segment": "Previously Active Listeners"
  },
  {
    "artistName": "D'banj",
    "segment": "Previously Active Listeners"
  },
  {
    "artistName": "Elevation Worship",
    "segment": "Previously Active Listeners"
  },
  {
    "artistName": "Moses Akoh",
    "segment": "Previously Active Listeners"
  },
  {
    "artistName": "Chris de Burgh",
    "segment": "Previously Active Listeners"
  },
  {
    "artistName": "The Script",
    "segment": "Previously Active Listeners"
  },
  {
    "artistName": "Disciple's Hymnbook Singing Team",
    "segment": "Previously Active Listeners"
  },
  {
    "artistName": "Bryan Adams",
    "segment": "Previously Active Listeners"
  },
  {
    "artistName": "Seyi Israel",
    "segment": "Previously Active Listeners"
  },
  {
    "artistName": "Scott Alan",
    "segment": "Previously Active Listeners"
  },
  {
    "artistName": "Revival Today Worship",
    "segment": "Previously Active Listeners"
  },
  {
    "artistName": "Abbey Ojomu",
    "segment": "Previously Active Listeners"
  },
  {
    "artistName": "Rose Royce",
    "segment": "Previously Active Listeners"
  },
  {
    "artistName": "James Blunt",
    "segment": "Previously Active Listeners"
  },
  {
    "artistName": "Uche Agu",
    "segment": "Previously Active Listeners"
  },
  {
    "artistName": "Peggy Lee",
    "segment": "Previously Active Listeners"
  },
  {
    "artistName": "James Arthur",
    "segment": "Previously Active Listeners"
  },
  {
    "artistName": "John Legend",
    "segment": "Previously Active Listeners"
  },
  {
    "artistName": "Labisi",
    "segment": "Previously Active Listeners"
  },
  {
    "artistName": "Joeboy",
    "segment": "Previously Active Listeners"
  },
  {
    "artistName": "Tim Godfrey",
    "segment": "Previously Active Listeners"
  },
  {
    "artistName": "Lesley Gore",
    "segment": "Previously Active Listeners"
  },
  {
    "artistName": "Judikay",
    "segment": "Previously Active Listeners"
  },
  {
    "artistName": "Young Jonn",
    "segment": "Previously Active Listeners"
  },
  {
    "artistName": "TAYA",
    "segment": "Previously Active Listeners"
  },
  {
    "artistName": "Remii",
    "segment": "Previously Active Listeners"
  },
  {
    "artistName": "Prinx Emmanuel",
    "segment": "Previously Active Listeners"
  },
  {
    "artistName": "MIIA",
    "segment": "Previously Active Listeners"
  },
  {
    "artistName": "Ronan Keating",
    "segment": "Previously Active Listeners"
  },
  {
    "artistName": "50 Cent",
    "segment": "Previously Active Listeners"
  },
  {
    "artistName": "Mike Abdul",
    "segment": "Previously Active Listeners"
  },
  {
    "artistName": "Niniola",
    "segment": "Previously Active Listeners"
  },
  {
    "artistName": "Michael Finnissy",
    "segment": "Previously Active Listeners"
  },
  {
    "artistName": "Mega",
    "segment": "Previously Active Listeners"
  },
  {
    "artistName": "Chigozie Achugo",
    "segment": "Previously Active Listeners"
  },
  {
    "artistName": "Sunmisola Agbebi",
    "segment": "Previously Active Listeners"
  },
  {
    "artistName": "Yaba Buluku Boyz",
    "segment": "Previously Active Listeners"
  },
  {
    "artistName": "Jacob Banks",
    "segment": "Previously Active Listeners"
  },
  {
    "artistName": "Ray Charles",
    "segment": "Previously Active Listeners"
  },
  {
    "artistName": "Vladimir Ruso",
    "segment": "Previously Active Listeners"
  },
  {
    "artistName": "Indila",
    "segment": "Previously Active Listeners"
  },
  {
    "artistName": "Jennifer Rush",
    "segment": "Previously Active Listeners"
  },
  {
    "artistName": "Folabi Nuel",
    "segment": "Previously Active Listeners"
  },
  {
    "artistName": "James Brown",
    "segment": "Previously Active Listeners"
  },
  {
    "artistName": "Sebastian Knauer",
    "segment": "Previously Active Listeners"
  },
  {
    "artistName": "K-Ci & JoJo",
    "segment": "Previously Active Listeners"
  },
  {
    "artistName": "Daps Dalyop Gwom",
    "segment": "Previously Active Listeners"
  },
  {
    "artistName": "Bidemi Olaoba",
    "segment": "Previously Active Listeners"
  },
  {
    "artistName": "Tracy Chapman",
    "segment": "Previously Active Listeners"
  },
  {
    "artistName": "Duncan Mighty",
    "segment": "Previously Active Listeners"
  },
  {
    "artistName": "Jaymes Young",
    "segment": "Previously Active Listeners"
  },
  {
    "artistName": "Ben E. King",
    "segment": "Previously Active Listeners"
  },
  {
    "artistName": "Enakeno",
    "segment": "Previously Active Listeners"
  },
  {
    "artistName": "Howard Shelley",
    "segment": "Previously Active Listeners"
  },
  {
    "artistName": "Ayra Starr",
    "segment": "Previously Active Listeners"
  },
  {
    "artistName": "Wale Adenuga",
    "segment": "Previously Active Listeners"
  },
  {
    "artistName": "ArrDee",
    "segment": "Previously Active Listeners"
  },
  {
    "artistName": "Kimbra",
    "segment": "Previously Active Listeners"
  },
  {
    "artistName": "Grace Lokwa",
    "segment": "Previously Active Listeners"
  },
  {
    "artistName": "Margaret Motsage",
    "segment": "Previously Active Listeners"
  },
  {
    "artistName": "Rema",
    "segment": "Previously Active Listeners"
  },
  {
    "artistName": "Yadah",
    "segment": "Previously Active Listeners"
  },
  {
    "artistName": "Glowreeyah Braimah",
    "segment": "Previously Active Listeners"
  },
  {
    "artistName": "Westlife",
    "segment": "Previously Active Listeners"
  },
  {
    "artistName": "Carlos Kleiber",
    "segment": "Previously Active Listeners"
  },
  {
    "artistName": "Johann Sebastian Bach",
    "segment": "Previously Active Listeners"
  },
  {
    "artistName": "Slovak Philharmonic",
    "segment": "Previously Active Listeners"
  },
  {
    "artistName": "Iryne Rock",
    "segment": "Previously Active Listeners"
  },
  {
    "artistName": "Choimas",
    "segment": "Previously Active Listeners"
  },
  {
    "artistName": "Scissor Sisters",
    "segment": "Previously Active Listeners"
  },
  {
    "artistName": "Seun Dede",
    "segment": "Previously Active Listeners"
  },
  {
    "artistName": "The Chainsmokers",
    "segment": "Previously Active Listeners"
  },
  {
    "artistName": "Air Supply",
    "segment": "Previously Active Listeners"
  },
  {
    "artistName": "Limoblaze",
    "segment": "Previously Active Listeners"
  },
  {
    "artistName": "Fitz and The Tantrums",
    "segment": "Previously Active Listeners"
  },
  {
    "artistName": "Ogranya",
    "segment": "Previously Active Listeners"
  },
  {
    "artistName": "JayMikee",
    "segment": "Previously Active Listeners"
  },
  {
    "artistName": "Lord Huron",
    "segment": "Previously Active Listeners"
  },
  {
    "artistName": "Glenn Gould",
    "segment": "Previously Active Listeners"
  },
  {
    "artistName": "Academy of Ancient Music",
    "segment": "Previously Active Listeners"
  },
  {
    "artistName": "Boy Spyce",
    "segment": "Previously Active Listeners"
  },
  {
    "artistName": "Moses Bliss",
    "segment": "Previously Active Listeners"
  },
  {
    "artistName": "Janos Sebestyen",
    "segment": "Previously Active Listeners"
  },
  {
    "artistName": "Theophilus Sunday",
    "segment": "Previously Active Listeners"
  },
  {
    "artistName": "Asake",
    "segment": "Previously Active Listeners"
  },
  {
    "artistName": "P!nk",
    "segment": "Previously Active Listeners"
  },
  {
    "artistName": "Chris Delvan Gwamna",
    "segment": "Previously Active Listeners"
  },
  {
    "artistName": "Magdaléna Hajóssyová",
    "segment": "Previously Active Listeners"
  },
  {
    "artistName": "Ty Bello",
    "segment": "Previously Active Listeners"
  },
  {
    "artistName": "Sinmidele",
    "segment": "Previously Active Listeners"
  },
  {
    "artistName": "Choir of King's College, Cambridge",
    "segment": "Previously Active Listeners"
  },
  {
    "artistName": "Lady Gaga",
    "segment": "Previously Active Listeners"
  },
  {
    "artistName": "Macklemore & Ryan Lewis",
    "segment": "Previously Active Listeners"
  },
  {
    "artistName": "Phyno",
    "segment": "Previously Active Listeners"
  },
  {
    "artistName": "Mercy Chinwo",
    "segment": "Previously Active Listeners"
  },
  {
    "artistName": "Diana Hamilton",
    "segment": "Previously Active Listeners"
  }
]