[
  {
    "platform" : "ANDROID",
    "searchTime" : "2024-11-28T02:53:02.092Z[UTC]",
    "searchQuery" : "teoph",
    "searchInteractionURIs" : [
      "spotify:artist:6k3PaNSSf7mNa4lauJUV00"
    ]
  },
  {
    "platform" : "ANDROID",
    "searchTime" : "2024-11-28T09:02:30.114Z[UTC]",
    "searchQuery" : "lawrenc",
    "searchInteractionURIs" : [
      "spotify:artist:5VjrwmzHaE5YI54qdzIoiI"
    ]
  },
  {
    "platform" : "",
    "searchTime" : "2024-11-29T21:30:31.966Z[UTC]",
    "searchQuery" : "gab",
    "searchInteractionURIs" : [
    ]
  },
  {
    "platform" : "",
    "searchTime" : "2024-11-29T21:30:32.124Z[UTC]",
    "searchQuery" : "gab",
    "searchInteractionURIs" : [
    ]
  },
  {
    "platform" : "",
    "searchTime" : "2024-11-29T21:30:32.679Z[UTC]",
    "searchQuery" : "gabrie",
    "searchInteractionURIs" : [
    ]
  },
  {
    "platform" : "",
    "searchTime" : "2024-11-29T21:30:32.847Z[UTC]",
    "searchQuery" : "gabrie",
    "searchInteractionURIs" : [
    ]
  },
  {
    "platform" : "",
    "searchTime" : "2024-11-29T21:30:33.145Z[UTC]",
    "searchQuery" : "gabriel",
    "searchInteractionURIs" : [
    ]
  },
  {
    "platform" : "",
    "searchTime" : "2024-11-29T21:30:33.318Z[UTC]",
    "searchQuery" : "gabriel",
    "searchInteractionURIs" : [
    ]
  },
  {
    "platform" : "",
    "searchTime" : "2024-11-30T15:10:09.410Z[UTC]",
    "searchQuery" : "I b",
    "searchInteractionURIs" : [
    ]
  },
  {
    "platform" : "",
    "searchTime" : "2024-11-30T15:10:09.771Z[UTC]",
    "searchQuery" : "I b",
    "searchInteractionURIs" : [
    ]
  },
  {
    "platform" : "",
    "searchTime" : "2024-11-30T15:10:09.872Z[UTC]",
    "searchQuery" : "I bow",
    "searchInteractionURIs" : [
    ]
  },
  {
    "platform" : "WIN32_X86_64",
    "searchTime" : "2024-11-30T15:10:10.206Z[UTC]",
    "searchQuery" : "I bow",
    "searchInteractionURIs" : [
    ]
  },
  {
    "platform" : "",
    "searchTime" : "2024-12-01T00:50:24.325Z[UTC]",
    "searchQuery" : "ch",
    "searchInteractionURIs" : [
    ]
  },
  {
    "platform" : "",
    "searchTime" : "2024-12-01T00:50:24.503Z[UTC]",
    "searchQuery" : "ch",
    "searchInteractionURIs" : [
    ]
  },
  {
    "platform" : "",
    "searchTime" : "2024-12-01T00:50:24.586Z[UTC]",
    "searchQuery" : "cho",
    "searchInteractionURIs" : [
    ]
  },
  {
    "platform" : "",
    "searchTime" : "2024-12-01T00:50:24.753Z[UTC]",
    "searchQuery" : "cho",
    "searchInteractionURIs" : [
    ]
  },
  {
    "platform" : "",
    "searchTime" : "2024-12-01T00:50:24.867Z[UTC]",
    "searchQuery" : "chom",
    "searchInteractionURIs" : [
    ]
  },
  {
    "platform" : "",
    "searchTime" : "2024-12-01T00:50:25.006Z[UTC]",
    "searchQuery" : "chom",
    "searchInteractionURIs" : [
    ]
  },
  {
    "platform" : "",
    "searchTime" : "2024-12-01T00:50:25.229Z[UTC]",
    "searchQuery" : "choma ",
    "searchInteractionURIs" : [
    ]
  },
  {
    "platform" : "",
    "searchTime" : "2024-12-01T00:50:25.362Z[UTC]",
    "searchQuery" : "choma ",
    "searchInteractionURIs" : [
    ]
  },
  {
    "platform" : "",
    "searchTime" : "2024-12-01T00:50:26.008Z[UTC]",
    "searchQuery" : "choma je",
    "searchInteractionURIs" : [
    ]
  },
  {
    "platform" : "",
    "searchTime" : "2024-12-01T00:50:26.200Z[UTC]",
    "searchQuery" : "choma je",
    "searchInteractionURIs" : [
    ]
  },
  {
    "platform" : "",
    "searchTime" : "2024-12-01T00:50:26.409Z[UTC]",
    "searchQuery" : "choma jesus",
    "searchInteractionURIs" : [
    ]
  },
  {
    "platform" : "",
    "searchTime" : "2024-12-01T00:50:26.652Z[UTC]",
    "searchQuery" : "choma jesus",
    "searchInteractionURIs" : [
    ]
  },
  {
    "platform" : "",
    "searchTime" : "2024-12-01T02:28:24.709Z[UTC]",
    "searchQuery" : "M",
    "searchInteractionURIs" : [
    ]
  },
  {
    "platform" : "WIN32_X86_64",
    "searchTime" : "2024-12-01T02:28:24.993Z[UTC]",
    "searchQuery" : "M",
    "searchInteractionURIs" : [
    ]
  },
  {
    "platform" : "",
    "searchTime" : "2024-12-01T02:28:25.171Z[UTC]",
    "searchQuery" : "Mr",
    "searchInteractionURIs" : [
    ]
  },
  {
    "platform" : "",
    "searchTime" : "2024-12-01T02:28:25.347Z[UTC]",
    "searchQuery" : "Mr",
    "searchInteractionURIs" : [
    ]
  },
  {
    "platform" : "",
    "searchTime" : "2024-12-01T04:39:52.248Z[UTC]",
    "searchQuery" : "s",
    "searchInteractionURIs" : [
    ]
  },
  {
    "platform" : "",
    "searchTime" : "2024-12-01T04:39:52.329Z[UTC]",
    "searchQuery" : "s",
    "searchInteractionURIs" : [
    ]
  },
  {
    "platform" : "",
    "searchTime" : "2024-12-01T04:39:52.709Z[UTC]",
    "searchQuery" : "sund",
    "searchInteractionURIs" : [
    ]
  },
  {
    "platform" : "",
    "searchTime" : "2024-12-01T04:39:52.764Z[UTC]",
    "searchQuery" : "sund",
    "searchInteractionURIs" : [
    ]
  },
  {
    "platform" : "",
    "searchTime" : "2024-12-01T04:39:52.928Z[UTC]",
    "searchQuery" : "sunday",
    "searchInteractionURIs" : [
    ]
  },
  {
    "platform" : "",
    "searchTime" : "2024-12-01T04:39:52.928Z[UTC]",
    "searchQuery" : "sunda",
    "searchInteractionURIs" : [
    ]
  },
  {
    "platform" : "",
    "searchTime" : "2024-12-01T04:39:52.991Z[UTC]",
    "searchQuery" : "sunday",
    "searchInteractionURIs" : [
    ]
  },
  {
    "platform" : "",
    "searchTime" : "2024-12-01T04:39:52.994Z[UTC]",
    "searchQuery" : "sunda",
    "searchInteractionURIs" : [
    ]
  },
  {
    "platform" : "ANDROID",
    "searchTime" : "2024-12-01T04:39:53.002Z[UTC]",
    "searchQuery" : "Sunday morning ",
    "searchInteractionURIs" : [
      "spotify:search:sunday+morning+worship"
    ]
  },
  {
    "platform" : "",
    "searchTime" : "2024-12-01T04:39:53.243Z[UTC]",
    "searchQuery" : "Sunday",
    "searchInteractionURIs" : [
    ]
  },
  {
    "platform" : "",
    "searchTime" : "2024-12-01T04:39:53.300Z[UTC]",
    "searchQuery" : "Sunday",
    "searchInteractionURIs" : [
    ]
  },
  {
    "platform" : "",
    "searchTime" : "2024-12-01T04:39:54.088Z[UTC]",
    "searchQuery" : "Sunday morning",
    "searchInteractionURIs" : [
    ]
  },
  {
    "platform" : "",
    "searchTime" : "2024-12-01T04:39:54.143Z[UTC]",
    "searchQuery" : "Sunday morning",
    "searchInteractionURIs" : [
    ]
  },
  {
    "platform" : "ANDROID",
    "searchTime" : "2024-12-01T04:39:54.651Z[UTC]",
    "searchQuery" : "sunday morning worship",
    "searchInteractionURIs" : [
      "spotify:playlist:0MnHaD31CScZA7S7F2lgxV",
      "spotify:playlist:3kVgINkkTWfSLVbNSDq667"
    ]
  },
  {
    "platform" : "ANDROID",
    "searchTime" : "2024-12-01T12:37:47.478Z[UTC]",
    "searchQuery" : "formidable",
    "searchInteractionURIs" : [
      "spotify:search:formidable+stromae"
    ]
  },
  {
    "platform" : "ANDROID",
    "searchTime" : "2024-12-01T12:37:49.661Z[UTC]",
    "searchQuery" : "formidable stromae",
    "searchInteractionURIs" : [
      "spotify:track:2AMysGXOe0zzZJMtH3Nizb"
    ]
  },
  {
    "platform" : "ANDROID",
    "searchTime" : "2024-12-01T15:42:31.173Z[UTC]",
    "searchQuery" : "olodumare",
    "searchInteractionURIs" : [
      "spotify:track:00jjEsO2uBDbtXpJUUKScO",
      "spotify:track:00jjEsO2uBDbtXpJUUKScO",
      "spotify:track:3yOJ7VD4AcglAMaSyV8Tvv",
      "spotify:track:3Q35u6DwbsF5KEClFC36MD"
    ]
  },
  {
    "platform" : "",
    "searchTime" : "2024-12-01T15:42:31.512Z[UTC]",
    "searchQuery" : "olod",
    "searchInteractionURIs" : [
    ]
  },
  {
    "platform" : "",
    "searchTime" : "2024-12-01T15:42:31.576Z[UTC]",
    "searchQuery" : "olod",
    "searchInteractionURIs" : [
    ]
  },
  {
    "platform" : "ANDROID",
    "searchTime" : "2024-12-01T15:43:09.962Z[UTC]",
    "searchQuery" : "tewo gbawa",
    "searchInteractionURIs" : [
    ]
  },
  {
    "platform" : "",
    "searchTime" : "2024-12-01T15:43:42.024Z[UTC]",
    "searchQuery" : "tewo ",
    "searchInteractionURIs" : [
    ]
  },
  {
    "platform" : "",
    "searchTime" : "2024-12-01T15:43:42.077Z[UTC]",
    "searchQuery" : "tewo ",
    "searchInteractionURIs" : [
    ]
  },
  {
    "platform" : "",
    "searchTime" : "2024-12-01T15:43:42.527Z[UTC]",
    "searchQuery" : "tewo",
    "searchInteractionURIs" : [
    ]
  },
  {
    "platform" : "",
    "searchTime" : "2024-12-01T15:43:42.570Z[UTC]",
    "searchQuery" : "tewo",
    "searchInteractionURIs" : [
    ]
  },
  {
    "platform" : "ANDROID",
    "searchTime" : "2024-12-01T15:43:46.071Z[UTC]",
    "searchQuery" : "yahweh la",
    "searchInteractionURIs" : [
      "spotify:track:6IFsmQuZ9A57pNOBi83etd",
      "spotify:track:6LAIluDPfR9OQvCemrm7QB",
      "spotify:track:6LAIluDPfR9OQvCemrm7QB"
    ]
  },
  {
    "platform" : "",
    "searchTime" : "2024-12-02T18:51:46.822Z[UTC]",
    "searchQuery" : "t",
    "searchInteractionURIs" : [
    ]
  },
  {
    "platform" : "",
    "searchTime" : "2024-12-02T18:51:47.037Z[UTC]",
    "searchQuery" : "t",
    "searchInteractionURIs" : [
    ]
  },
  {
    "platform" : "",
    "searchTime" : "2024-12-02T18:51:47.187Z[UTC]",
    "searchQuery" : "take me ou",
    "searchInteractionURIs" : [
    ]
  },
  {
    "platform" : "",
    "searchTime" : "2024-12-02T18:51:47.468Z[UTC]",
    "searchQuery" : "take me out",
    "searchInteractionURIs" : [
    ]
  },
  {
    "platform" : "",
    "searchTime" : "2024-12-02T18:51:48.173Z[UTC]",
    "searchQuery" : "take me ou",
    "searchInteractionURIs" : [
    ]
  },
  {
    "platform" : "",
    "searchTime" : "2024-12-02T18:51:48.270Z[UTC]",
    "searchQuery" : "take me out",
    "searchInteractionURIs" : [
    ]
  },
  {
    "platform" : "",
    "searchTime" : "2024-12-02T18:51:56.090Z[UTC]",
    "searchQuery" : "take me out ",
    "searchInteractionURIs" : [
    ]
  },
  {
    "platform" : "",
    "searchTime" : "2024-12-02T18:51:56.258Z[UTC]",
    "searchQuery" : "take me out sc",
    "searchInteractionURIs" : [
    ]
  },
  {
    "platform" : "",
    "searchTime" : "2024-12-02T18:51:56.359Z[UTC]",
    "searchQuery" : "take me out ",
    "searchInteractionURIs" : [
    ]
  },
  {
    "platform" : "",
    "searchTime" : "2024-12-02T18:51:56.689Z[UTC]",
    "searchQuery" : "take me out sc",
    "searchInteractionURIs" : [
    ]
  },
  {
    "platform" : "",
    "searchTime" : "2024-12-02T20:55:42.290Z[UTC]",
    "searchQuery" : "ja",
    "searchInteractionURIs" : [
    ]
  },
  {
    "platform" : "",
    "searchTime" : "2024-12-02T20:55:42.464Z[UTC]",
    "searchQuery" : "ja",
    "searchInteractionURIs" : [
    ]
  },
  {
    "platform" : "",
    "searchTime" : "2024-12-02T20:55:42.556Z[UTC]",
    "searchQuery" : "jac",
    "searchInteractionURIs" : [
    ]
  },
  {
    "platform" : "",
    "searchTime" : "2024-12-02T20:55:42.695Z[UTC]",
    "searchQuery" : "jac",
    "searchInteractionURIs" : [
    ]
  },
  {
    "platform" : "",
    "searchTime" : "2024-12-02T20:55:42.743Z[UTC]",
    "searchQuery" : "jacob",
    "searchInteractionURIs" : [
    ]
  },
  {
    "platform" : "",
    "searchTime" : "2024-12-02T20:55:42.916Z[UTC]",
    "searchQuery" : "jacob",
    "searchInteractionURIs" : [
    ]
  },
  {
    "platform" : "",
    "searchTime" : "2024-12-02T20:55:43.481Z[UTC]",
    "searchQuery" : "jacob ban",
    "searchInteractionURIs" : [
    ]
  },
  {
    "platform" : "",
    "searchTime" : "2024-12-02T20:55:43.633Z[UTC]",
    "searchQuery" : "jacob ban",
    "searchInteractionURIs" : [
    ]
  },
  {
    "platform" : "ANDROID",
    "searchTime" : "2024-12-02T22:50:03.847Z[UTC]",
    "searchQuery" : "Mr. ",
    "searchInteractionURIs" : [
      "spotify:artist:7Cj72Nr0p08Jibt7ADcEDa"
    ]
  },
  {
    "platform" : "",
    "searchTime" : "2024-12-02T22:50:04.963Z[UTC]",
    "searchQuery" : "mr",
    "searchInteractionURIs" : [
    ]
  },
  {
    "platform" : "",
    "searchTime" : "2024-12-02T22:50:05.053Z[UTC]",
    "searchQuery" : "mr",
    "searchInteractionURIs" : [
    ]
  },
  {
    "platform" : "",
    "searchTime" : "2024-12-02T22:50:05.078Z[UTC]",
    "searchQuery" : "Mr",
    "searchInteractionURIs" : [
    ]
  },
  {
    "platform" : "",
    "searchTime" : "2024-12-02T22:50:05.154Z[UTC]",
    "searchQuery" : "Mr",
    "searchInteractionURIs" : [
    ]
  },
  {
    "platform" : "ANDROID",
    "searchTime" : "2024-12-03T07:58:29.666Z[UTC]",
    "searchQuery" : "Bob ",
    "searchInteractionURIs" : [
      "spotify:search:bob+marley"
    ]
  },
  {
    "platform" : "ANDROID",
    "searchTime" : "2024-12-03T07:58:32.122Z[UTC]",
    "searchQuery" : "bob marley",
    "searchInteractionURIs" : [
      "spotify:artist:2QsynagSdAqZj3U9HgDzjD"
    ]
  },
  {
    "platform" : "ANDROID",
    "searchTime" : "2024-12-03T08:21:57.970Z[UTC]",
    "searchQuery" : "lucky",
    "searchInteractionURIs" : [
      "spotify:artist:308gQ5eCBIiSAHmi9tqlJ6"
    ]
  },
  {
    "platform" : "ANDROID",
    "searchTime" : "2024-12-04T18:29:47.903Z[UTC]",
    "searchQuery" : "carol",
    "searchInteractionURIs" : [
      "spotify:search:carol+songs+2024"
    ]
  },
  {
    "platform" : "ANDROID",
    "searchTime" : "2024-12-04T18:29:58.070Z[UTC]",
    "searchQuery" : "carol songs 2024",
    "searchInteractionURIs" : [
      "spotify:playlist:2aght25PWVIlLN8CFM6m8R"
    ]
  },
  {
    "platform" : "ANDROID",
    "searchTime" : "2024-12-04T20:03:36.122Z[UTC]",
    "searchQuery" : "woman with the issue of blood",
    "searchInteractionURIs" : [
      "spotify:track:7dBHLFpfnWG1m6bAjEgu08"
    ]
  },
  {
    "platform" : "",
    "searchTime" : "2024-12-04T20:49:26.006Z[UTC]",
    "searchQuery" : "o com",
    "searchInteractionURIs" : [
    ]
  },
  {
    "platform" : "",
    "searchTime" : "2024-12-04T20:49:26.180Z[UTC]",
    "searchQuery" : "o com",
    "searchInteractionURIs" : [
    ]
  },
  {
    "platform" : "",
    "searchTime" : "2024-12-04T20:49:26.382Z[UTC]",
    "searchQuery" : "o come co",
    "searchInteractionURIs" : [
    ]
  },
  {
    "platform" : "",
    "searchTime" : "2024-12-04T20:49:26.637Z[UTC]",
    "searchQuery" : "o come co",
    "searchInteractionURIs" : [
    ]
  },
  {
    "platform" : "",
    "searchTime" : "2024-12-04T20:49:27.246Z[UTC]",
    "searchQuery" : "o come ",
    "searchInteractionURIs" : [
    ]
  },
  {
    "platform" : "",
    "searchTime" : "2024-12-04T20:49:27.410Z[UTC]",
    "searchQuery" : "o come ",
    "searchInteractionURIs" : [
    ]
  },
  {
    "platform" : "",
    "searchTime" : "2024-12-04T20:49:28.822Z[UTC]",
    "searchQuery" : "o come o come ",
    "searchInteractionURIs" : [
    ]
  },
  {
    "platform" : "",
    "searchTime" : "2024-12-04T20:49:29.122Z[UTC]",
    "searchQuery" : "o come o come ",
    "searchInteractionURIs" : [
    ]
  },
  {
    "platform" : "ANDROID",
    "searchTime" : "2024-12-05T02:57:15.408Z[UTC]",
    "searchQuery" : "spirit chants",
    "searchInteractionURIs" : [
      "spotify:playlist:6zvOukDDL2ea30lMIYDUMZ",
      "spotify:playlist:1D8C3Jvptk82tqHMFE4sLm",
      "spotify:playlist:1VD3z1iY3T8z7hxYj41aid"
    ]
  },
  {
    "platform" : "ANDROID",
    "searchTime" : "2024-12-07T18:55:24.549Z[UTC]",
    "searchQuery" : "let the liv",
    "searchInteractionURIs" : [
      "spotify:search:let+the+living+waters+flow+over+my+soul"
    ]
  },
  {
    "platform" : "ANDROID",
    "searchTime" : "2024-12-07T18:55:27.887Z[UTC]",
    "searchQuery" : "let the living waters flow over my soul",
    "searchInteractionURIs" : [
      "spotify:track:1GkgRqAgU3xHyA8SWOibKX",
      "spotify:track:1YUEI3DcR7XCR5xLQHNZxj"
    ]
  },
  {
    "platform" : "",
    "searchTime" : "2024-12-07T18:56:27.579Z[UTC]",
    "searchQuery" : "let the living waters flow over my soul",
    "searchInteractionURIs" : [
    ]
  },
  {
    "platform" : "",
    "searchTime" : "2024-12-07T23:03:39.579Z[UTC]",
    "searchQuery" : "z",
    "searchInteractionURIs" : [
    ]
  },
  {
    "platform" : "",
    "searchTime" : "2024-12-07T23:03:39.795Z[UTC]",
    "searchQuery" : "z",
    "searchInteractionURIs" : [
    ]
  },
  {
    "platform" : "WIN32_X86_64",
    "searchTime" : "2024-12-07T23:03:39.892Z[UTC]",
    "searchQuery" : "za",
    "searchInteractionURIs" : [
    ]
  },
  {
    "platform" : "",
    "searchTime" : "2024-12-07T23:03:39.918Z[UTC]",
    "searchQuery" : "za",
    "searchInteractionURIs" : [
    ]
  },
  {
    "platform" : "",
    "searchTime" : "2024-12-07T23:03:40.366Z[UTC]",
    "searchQuery" : "zac",
    "searchInteractionURIs" : [
    ]
  },
  {
    "platform" : "",
    "searchTime" : "2024-12-07T23:03:40.532Z[UTC]",
    "searchQuery" : "zac",
    "searchInteractionURIs" : [
    ]
  },
  {
    "platform" : "WIN32_X86_64",
    "searchTime" : "2024-12-07T23:03:40.695Z[UTC]",
    "searchQuery" : "zack",
    "searchInteractionURIs" : [
    ]
  },
  {
    "platform" : "",
    "searchTime" : "2024-12-07T23:03:40.723Z[UTC]",
    "searchQuery" : "zack",
    "searchInteractionURIs" : [
    ]
  },
  {
    "platform" : "",
    "searchTime" : "2024-12-07T23:03:40.825Z[UTC]",
    "searchQuery" : "zackt",
    "searchInteractionURIs" : [
    ]
  },
  {
    "platform" : "",
    "searchTime" : "2024-12-07T23:03:40.989Z[UTC]",
    "searchQuery" : "zackt",
    "searchInteractionURIs" : [
    ]
  },
  {
    "platform" : "",
    "searchTime" : "2024-12-07T23:03:41.380Z[UTC]",
    "searchQuery" : "zackthe",
    "searchInteractionURIs" : [
    ]
  },
  {
    "platform" : "",
    "searchTime" : "2024-12-07T23:03:41.668Z[UTC]",
    "searchQuery" : "zackthe",
    "searchInteractionURIs" : [
    ]
  },
  {
    "platform" : "",
    "searchTime" : "2024-12-07T23:03:45.750Z[UTC]",
    "searchQuery" : "zackther",
    "searchInteractionURIs" : [
    ]
  },
  {
    "platform" : "",
    "searchTime" : "2024-12-07T23:03:45.978Z[UTC]",
    "searchQuery" : "zackther",
    "searchInteractionURIs" : [
    ]
  },
  {
    "platform" : "",
    "searchTime" : "2024-12-07T23:03:49.341Z[UTC]",
    "searchQuery" : "zackthero",
    "searchInteractionURIs" : [
    ]
  },
  {
    "platform" : "",
    "searchTime" : "2024-12-07T23:03:49.588Z[UTC]",
    "searchQuery" : "zackthero",
    "searchInteractionURIs" : [
    ]
  },
  {
    "platform" : "WIN32_X86_64",
    "searchTime" : "2024-12-07T23:03:50.088Z[UTC]",
    "searchQuery" : "zacktherobo",
    "searchInteractionURIs" : [
    ]
  },
  {
    "platform" : "",
    "searchTime" : "2024-12-07T23:03:50.114Z[UTC]",
    "searchQuery" : "zacktherobo",
    "searchInteractionURIs" : [
    ]
  },
  {
    "platform" : "",
    "searchTime" : "2024-12-07T23:03:50.198Z[UTC]",
    "searchQuery" : "zacktherobot",
    "searchInteractionURIs" : [
    ]
  },
  {
    "platform" : "",
    "searchTime" : "2024-12-07T23:03:50.429Z[UTC]",
    "searchQuery" : "zacktherobot",
    "searchInteractionURIs" : [
    ]
  },
  {
    "platform" : "",
    "searchTime" : "2024-12-07T23:03:56.574Z[UTC]",
    "searchQuery" : "zacktherobot ",
    "searchInteractionURIs" : [
    ]
  },
  {
    "platform" : "",
    "searchTime" : "2024-12-07T23:03:56.816Z[UTC]",
    "searchQuery" : "zacktherobot ",
    "searchInteractionURIs" : [
    ]
  },
  {
    "platform" : "",
    "searchTime" : "2024-12-07T23:03:57.611Z[UTC]",
    "searchQuery" : "zacktherobot duro",
    "searchInteractionURIs" : [
    ]
  },
  {
    "platform" : "",
    "searchTime" : "2024-12-07T23:03:57.829Z[UTC]",
    "searchQuery" : "zacktherobot duro",
    "searchInteractionURIs" : [
    ]
  },
  {
    "platform" : "ANDROID",
    "searchTime" : "2024-12-08T13:16:16.660Z[UTC]",
    "searchQuery" : "Joel eke",
    "searchInteractionURIs" : [
      "spotify:search:joel+ekeoma"
    ]
  },
  {
    "platform" : "",
    "searchTime" : "2024-12-08T13:16:16.836Z[UTC]",
    "searchQuery" : "joe",
    "searchInteractionURIs" : [
    ]
  },
  {
    "platform" : "",
    "searchTime" : "2024-12-08T13:16:16.893Z[UTC]",
    "searchQuery" : "joel",
    "searchInteractionURIs" : [
    ]
  },
  {
    "platform" : "",
    "searchTime" : "2024-12-08T13:16:16.900Z[UTC]",
    "searchQuery" : "joe",
    "searchInteractionURIs" : [
    ]
  },
  {
    "platform" : "",
    "searchTime" : "2024-12-08T13:16:16.975Z[UTC]",
    "searchQuery" : "joel",
    "searchInteractionURIs" : [
    ]
  },
  {
    "platform" : "",
    "searchTime" : "2024-12-08T13:16:17.127Z[UTC]",
    "searchQuery" : "Joel",
    "searchInteractionURIs" : [
    ]
  },
  {
    "platform" : "",
    "searchTime" : "2024-12-08T13:16:17.195Z[UTC]",
    "searchQuery" : "Joel",
    "searchInteractionURIs" : [
    ]
  },
  {
    "platform" : "ANDROID",
    "searchTime" : "2024-12-08T13:16:18.747Z[UTC]",
    "searchQuery" : "joel ekeoma",
    "searchInteractionURIs" : [
      "spotify:track:5qY1vwZC6VKchysREtat3p"
    ]
  },
  {
    "platform" : "",
    "searchTime" : "2024-12-09T22:32:29.421Z[UTC]",
    "searchQuery" : "jo",
    "searchInteractionURIs" : [
    ]
  },
  {
    "platform" : "",
    "searchTime" : "2024-12-09T22:32:29.423Z[UTC]",
    "searchQuery" : "j",
    "searchInteractionURIs" : [
    ]
  },
  {
    "platform" : "",
    "searchTime" : "2024-12-09T22:32:29.625Z[UTC]",
    "searchQuery" : "jo",
    "searchInteractionURIs" : [
    ]
  },
  {
    "platform" : "",
    "searchTime" : "2024-12-09T22:32:29.640Z[UTC]",
    "searchQuery" : "j",
    "searchInteractionURIs" : [
    ]
  },
  {
    "platform" : "",
    "searchTime" : "2024-12-09T22:32:30.033Z[UTC]",
    "searchQuery" : "joshgu",
    "searchInteractionURIs" : [
    ]
  },
  {
    "platform" : "",
    "searchTime" : "2024-12-09T22:32:30.312Z[UTC]",
    "searchQuery" : "joshgu",
    "searchInteractionURIs" : [
    ]
  },
  {
    "platform" : "",
    "searchTime" : "2024-12-09T22:32:31.247Z[UTC]",
    "searchQuery" : "joshgua se",
    "searchInteractionURIs" : [
    ]
  },
  {
    "platform" : "",
    "searchTime" : "2024-12-09T22:32:31.422Z[UTC]",
    "searchQuery" : "joshgua se",
    "searchInteractionURIs" : [
    ]
  },
  {
    "platform" : "",
    "searchTime" : "2024-12-09T22:32:32.574Z[UTC]",
    "searchQuery" : "josh",
    "searchInteractionURIs" : [
    ]
  },
  {
    "platform" : "",
    "searchTime" : "2024-12-09T22:32:32.722Z[UTC]",
    "searchQuery" : "josh",
    "searchInteractionURIs" : [
    ]
  },
  {
    "platform" : "",
    "searchTime" : "2024-12-09T22:32:38.194Z[UTC]",
    "searchQuery" : "joshua s",
    "searchInteractionURIs" : [
    ]
  },
  {
    "platform" : "",
    "searchTime" : "2024-12-09T22:32:38.352Z[UTC]",
    "searchQuery" : "joshua s",
    "searchInteractionURIs" : [
    ]
  },
  {
    "platform" : "",
    "searchTime" : "2024-12-09T22:32:38.584Z[UTC]",
    "searchQuery" : "joshua sel",
    "searchInteractionURIs" : [
    ]
  },
  {
    "platform" : "",
    "searchTime" : "2024-12-09T22:32:38.870Z[UTC]",
    "searchQuery" : "joshua sel",
    "searchInteractionURIs" : [
    ]
  },
  {
    "platform" : "",
    "searchTime" : "2024-12-09T22:33:54.956Z[UTC]",
    "searchQuery" : "spi",
    "searchInteractionURIs" : [
    ]
  },
  {
    "platform" : "",
    "searchTime" : "2024-12-09T22:33:55.112Z[UTC]",
    "searchQuery" : "spi",
    "searchInteractionURIs" : [
    ]
  },
  {
    "platform" : "",
    "searchTime" : "2024-12-09T22:33:55.477Z[UTC]",
    "searchQuery" : "spirit ",
    "searchInteractionURIs" : [
    ]
  },
  {
    "platform" : "",
    "searchTime" : "2024-12-09T22:33:55.625Z[UTC]",
    "searchQuery" : "spirit ",
    "searchInteractionURIs" : [
    ]
  },
  {
    "platform" : "",
    "searchTime" : "2024-12-09T22:33:56.707Z[UTC]",
    "searchQuery" : "spirit and tru",
    "searchInteractionURIs" : [
    ]
  },
  {
    "platform" : "",
    "searchTime" : "2024-12-09T22:33:56.988Z[UTC]",
    "searchQuery" : "spirit and tru",
    "searchInteractionURIs" : [
    ]
  },
  {
    "platform" : "",
    "searchTime" : "2024-12-09T22:33:57.179Z[UTC]",
    "searchQuery" : "spirit and truth",
    "searchInteractionURIs" : [
    ]
  },
  {
    "platform" : "WIN32_X86_64",
    "searchTime" : "2024-12-09T22:33:57.582Z[UTC]",
    "searchQuery" : "spirit and truth",
    "searchInteractionURIs" : [
    ]
  },
  {
    "platform" : "WIN32_X86_64",
    "searchTime" : "2024-12-09T22:34:01.413Z[UTC]",
    "searchQuery" : "spirit and truth ",
    "searchInteractionURIs" : [
    ]
  },
  {
    "platform" : "",
    "searchTime" : "2024-12-09T22:34:01.438Z[UTC]",
    "searchQuery" : "spirit and truth ",
    "searchInteractionURIs" : [
    ]
  },
  {
    "platform" : "",
    "searchTime" : "2024-12-09T22:34:02.773Z[UTC]",
    "searchQuery" : "spirit and truth man",
    "searchInteractionURIs" : [
    ]
  },
  {
    "platform" : "",
    "searchTime" : "2024-12-09T22:34:03.061Z[UTC]",
    "searchQuery" : "spirit and truth man",
    "searchInteractionURIs" : [
    ]
  },
  {
    "platform" : "",
    "searchTime" : "2024-12-09T22:34:03.383Z[UTC]",
    "searchQuery" : "spirit and truth mant",
    "searchInteractionURIs" : [
    ]
  },
  {
    "platform" : "",
    "searchTime" : "2024-12-09T22:34:03.644Z[UTC]",
    "searchQuery" : "spirit and truth mant",
    "searchInteractionURIs" : [
    ]
  },
  {
    "platform" : "",
    "searchTime" : "2024-12-09T22:34:04.013Z[UTC]",
    "searchQuery" : "spirit and truth mantles ",
    "searchInteractionURIs" : [
    ]
  },
  {
    "platform" : "",
    "searchTime" : "2024-12-09T22:34:04.273Z[UTC]",
    "searchQuery" : "spirit and truth mantles ",
    "searchInteractionURIs" : [
    ]
  },
  {
    "platform" : "",
    "searchTime" : "2024-12-09T22:34:05.393Z[UTC]",
    "searchQuery" : "spirit and truth mantles a",
    "searchInteractionURIs" : [
    ]
  },
  {
    "platform" : "",
    "searchTime" : "2024-12-09T22:34:05.640Z[UTC]",
    "searchQuery" : "spirit and truth mantles a",
    "searchInteractionURIs" : [
    ]
  },
  {
    "platform" : "",
    "searchTime" : "2024-12-09T22:34:06.189Z[UTC]",
    "searchQuery" : "spirit and truth mantles are f",
    "searchInteractionURIs" : [
    ]
  },
  {
    "platform" : "WIN32_X86_64",
    "searchTime" : "2024-12-09T22:34:06.547Z[UTC]",
    "searchQuery" : "spirit and truth mantles are f",
    "searchInteractionURIs" : [
    ]
  },
  {
    "platform" : "",
    "searchTime" : "2024-12-09T22:34:06.603Z[UTC]",
    "searchQuery" : "spirit and truth mantles are fall",
    "searchInteractionURIs" : [
    ]
  },
  {
    "platform" : "",
    "searchTime" : "2024-12-09T22:34:06.799Z[UTC]",
    "searchQuery" : "spirit and truth mantles are fall",
    "searchInteractionURIs" : [
    ]
  },
  {
    "platform" : "",
    "searchTime" : "2024-12-09T22:34:06.922Z[UTC]",
    "searchQuery" : "spirit and truth mantles are fallin",
    "searchInteractionURIs" : [
    ]
  },
  {
    "platform" : "",
    "searchTime" : "2024-12-09T22:34:07.188Z[UTC]",
    "searchQuery" : "spirit and truth mantles are fallin",
    "searchInteractionURIs" : [
    ]
  },
  {
    "platform" : "",
    "searchTime" : "2024-12-09T22:34:07.207Z[UTC]",
    "searchQuery" : "spirit and truth mantles are falling",
    "searchInteractionURIs" : [
    ]
  },
  {
    "platform" : "",
    "searchTime" : "2024-12-09T22:34:07.418Z[UTC]",
    "searchQuery" : "spirit and truth mantles are falling",
    "searchInteractionURIs" : [
    ]
  },
  {
    "platform" : "",
    "searchTime" : "2024-12-09T23:16:07.251Z[UTC]",
    "searchQuery" : "h",
    "searchInteractionURIs" : [
    ]
  },
  {
    "platform" : "WIN32_X86_64",
    "searchTime" : "2024-12-09T23:16:07.597Z[UTC]",
    "searchQuery" : "h",
    "searchInteractionURIs" : [
    ]
  },
  {
    "platform" : "",
    "searchTime" : "2024-12-09T23:16:07.675Z[UTC]",
    "searchQuery" : "hot",
    "searchInteractionURIs" : [
    ]
  },
  {
    "platform" : "",
    "searchTime" : "2024-12-09T23:16:07.818Z[UTC]",
    "searchQuery" : "hot",
    "searchInteractionURIs" : [
    ]
  },
  {
    "platform" : "",
    "searchTime" : "2024-12-09T23:16:08.465Z[UTC]",
    "searchQuery" : "hotel ",
    "searchInteractionURIs" : [
    ]
  },
  {
    "platform" : "",
    "searchTime" : "2024-12-09T23:16:08.606Z[UTC]",
    "searchQuery" : "hotel ",
    "searchInteractionURIs" : [
    ]
  },
  {
    "platform" : "",
    "searchTime" : "2024-12-09T23:16:09.831Z[UTC]",
    "searchQuery" : "hotel wa",
    "searchInteractionURIs" : [
    ]
  },
  {
    "platform" : "",
    "searchTime" : "2024-12-09T23:16:09.971Z[UTC]",
    "searchQuery" : "hotel wa",
    "searchInteractionURIs" : [
    ]
  },
  {
    "platform" : "",
    "searchTime" : "2024-12-10T07:19:54.780Z[UTC]",
    "searchQuery" : "o",
    "searchInteractionURIs" : [
    ]
  },
  {
    "platform" : "",
    "searchTime" : "2024-12-10T07:19:54.850Z[UTC]",
    "searchQuery" : "o",
    "searchInteractionURIs" : [
    ]
  },
  {
    "platform" : "",
    "searchTime" : "2024-12-10T07:19:55.302Z[UTC]",
    "searchQuery" : "os",
    "searchInteractionURIs" : [
    ]
  },
  {
    "platform" : "",
    "searchTime" : "2024-12-10T07:19:55.376Z[UTC]",
    "searchQuery" : "os",
    "searchInteractionURIs" : [
    ]
  },
  {
    "platform" : "",
    "searchTime" : "2024-12-10T07:19:55.694Z[UTC]",
    "searchQuery" : "osin",
    "searchInteractionURIs" : [
    ]
  },
  {
    "platform" : "",
    "searchTime" : "2024-12-10T07:19:55.748Z[UTC]",
    "searchQuery" : "osin",
    "searchInteractionURIs" : [
    ]
  },
  {
    "platform" : "",
    "searchTime" : "2024-12-10T07:19:55.862Z[UTC]",
    "searchQuery" : "osina",
    "searchInteractionURIs" : [
    ]
  },
  {
    "platform" : "",
    "searchTime" : "2024-12-10T07:19:55.912Z[UTC]",
    "searchQuery" : "osina",
    "searchInteractionURIs" : [
    ]
  },
  {
    "platform" : "",
    "searchTime" : "2024-12-10T07:19:56.268Z[UTC]",
    "searchQuery" : "osinac",
    "searchInteractionURIs" : [
    ]
  },
  {
    "platform" : "",
    "searchTime" : "2024-12-10T07:19:56.313Z[UTC]",
    "searchQuery" : "osinac",
    "searchInteractionURIs" : [
    ]
  },
  {
    "platform" : "",
    "searchTime" : "2024-12-10T07:19:56.334Z[UTC]",
    "searchQuery" : "osinach",
    "searchInteractionURIs" : [
    ]
  },
  {
    "platform" : "",
    "searchTime" : "2024-12-10T07:19:56.378Z[UTC]",
    "searchQuery" : "osinach",
    "searchInteractionURIs" : [
    ]
  },
  {
    "platform" : "ANDROID",
    "searchTime" : "2024-12-10T07:19:57.562Z[UTC]",
    "searchQuery" : "osinachi",
    "searchInteractionURIs" : [
      "spotify:artist:7DmYJaJIKvbtMy7WsUNb1F"
    ]
  },
  {
    "platform" : "",
    "searchTime" : "2024-12-17T06:20:29.276Z[UTC]",
    "searchQuery" : "bl",
    "searchInteractionURIs" : [
    ]
  },
  {
    "platform" : "",
    "searchTime" : "2024-12-17T06:20:29.468Z[UTC]",
    "searchQuery" : "bl",
    "searchInteractionURIs" : [
    ]
  },
  {
    "platform" : "",
    "searchTime" : "2024-12-17T06:20:29.822Z[UTC]",
    "searchQuery" : "blmen ",
    "searchInteractionURIs" : [
    ]
  },
  {
    "platform" : "",
    "searchTime" : "2024-12-17T06:20:29.924Z[UTC]",
    "searchQuery" : "blmen ",
    "searchInteractionURIs" : [
    ]
  },
  {
    "platform" : "",
    "searchTime" : "2024-12-17T06:20:30.674Z[UTC]",
    "searchQuery" : "blme ",
    "searchInteractionURIs" : [
    ]
  },
  {
    "platform" : "",
    "searchTime" : "2024-12-17T06:20:30.826Z[UTC]",
    "searchQuery" : "blme ",
    "searchInteractionURIs" : [
    ]
  },
  {
    "platform" : "",
    "searchTime" : "2024-12-17T06:20:33.300Z[UTC]",
    "searchQuery" : "bla",
    "searchInteractionURIs" : [
    ]
  },
  {
    "platform" : "",
    "searchTime" : "2024-12-17T06:20:33.512Z[UTC]",
    "searchQuery" : "bla",
    "searchInteractionURIs" : [
    ]
  },
  {
    "platform" : "",
    "searchTime" : "2024-12-17T06:20:34.490Z[UTC]",
    "searchQuery" : "blame ",
    "searchInteractionURIs" : [
    ]
  },
  {
    "platform" : "",
    "searchTime" : "2024-12-17T06:20:34.664Z[UTC]",
    "searchQuery" : "blame ",
    "searchInteractionURIs" : [
    ]
  },
  {
    "platform" : "WIN32_X86_64",
    "searchTime" : "2024-12-17T06:20:35.024Z[UTC]",
    "searchQuery" : "blame g",
    "searchInteractionURIs" : [
    ]
  },
  {
    "platform" : "",
    "searchTime" : "2024-12-17T06:20:35.053Z[UTC]",
    "searchQuery" : "blame g",
    "searchInteractionURIs" : [
    ]
  },
  {
    "platform" : "",
    "searchTime" : "2024-12-17T06:20:35.123Z[UTC]",
    "searchQuery" : "blame gr",
    "searchInteractionURIs" : [
    ]
  },
  {
    "platform" : "WIN32_X86_64",
    "searchTime" : "2024-12-17T06:20:35.590Z[UTC]",
    "searchQuery" : "blame gr",
    "searchInteractionURIs" : [
    ]
  },
  {
    "platform" : "",
    "searchTime" : "2024-12-17T06:20:43.875Z[UTC]",
    "searchQuery" : "blame gr",
    "searchInteractionURIs" : [
    ]
  },
  {
    "platform" : "",
    "searchTime" : "2024-12-17T06:20:51.498Z[UTC]",
    "searchQuery" : "blame grace ",
    "searchInteractionURIs" : [
    ]
  },
  {
    "platform" : "",
    "searchTime" : "2024-12-17T06:20:51.828Z[UTC]",
    "searchQuery" : "blame grace ",
    "searchInteractionURIs" : [
    ]
  },
  {
    "platform" : "",
    "searchTime" : "2024-12-17T06:20:52.007Z[UTC]",
    "searchQuery" : "blame grace car",
    "searchInteractionURIs" : [
    ]
  },
  {
    "platform" : "",
    "searchTime" : "2024-12-17T06:20:52.311Z[UTC]",
    "searchQuery" : "blame grace car",
    "searchInteractionURIs" : [
    ]
  },
  {
    "platform" : "",
    "searchTime" : "2024-12-17T06:20:52.579Z[UTC]",
    "searchQuery" : "blame grace ",
    "searchInteractionURIs" : [
    ]
  },
  {
    "platform" : "WIN32_X86_64",
    "searchTime" : "2024-12-17T06:20:52.785Z[UTC]",
    "searchQuery" : "blame grace carer",
    "searchInteractionURIs" : [
    ]
  },
  {
    "platform" : "WIN32_X86_64",
    "searchTime" : "2024-12-17T06:20:52.953Z[UTC]",
    "searchQuery" : "blame grace carer",
    "searchInteractionURIs" : [
    ]
  },
  {
    "platform" : "",
    "searchTime" : "2024-12-17T06:20:53.045Z[UTC]",
    "searchQuery" : "blame grace car",
    "searchInteractionURIs" : [
    ]
  },
  {
    "platform" : "",
    "searchTime" : "2024-12-17T06:20:53.517Z[UTC]",
    "searchQuery" : "blame grace carer",
    "searchInteractionURIs" : [
    ]
  },
  {
    "platform" : "",
    "searchTime" : "2024-12-17T11:58:47.780Z[UTC]",
    "searchQuery" : "celine di",
    "searchInteractionURIs" : [
    ]
  },
  {
    "platform" : "",
    "searchTime" : "2024-12-17T11:58:47.991Z[UTC]",
    "searchQuery" : "celine di",
    "searchInteractionURIs" : [
    ]
  },
  {
    "platform" : "",
    "searchTime" : "2024-12-17T11:58:48.217Z[UTC]",
    "searchQuery" : "celine d",
    "searchInteractionURIs" : [
    ]
  },
  {
    "platform" : "",
    "searchTime" : "2024-12-17T11:58:48.398Z[UTC]",
    "searchQuery" : "celine d",
    "searchInteractionURIs" : [
    ]
  },
  {
    "platform" : "ANDROID",
    "searchTime" : "2024-12-17T21:23:26.473Z[UTC]",
    "searchQuery" : "akat",
    "searchInteractionURIs" : [
      "spotify:search:akatsuki+theme"
    ]
  },
  {
    "platform" : "ANDROID",
    "searchTime" : "2024-12-17T21:23:29.541Z[UTC]",
    "searchQuery" : "akatsuki theme",
    "searchInteractionURIs" : [
      "spotify:track:1Ju2lYlvXnvXe3r3QC9sJH",
      "spotify:track:68bCaYMLcNwXSxAaQ888NL"
    ]
  },
  {
    "platform" : "",
    "searchTime" : "2024-12-19T06:56:38.081Z[UTC]",
    "searchQuery" : "I",
    "searchInteractionURIs" : [
    ]
  },
  {
    "platform" : "",
    "searchTime" : "2024-12-19T06:56:38.137Z[UTC]",
    "searchQuery" : "I",
    "searchInteractionURIs" : [
    ]
  },
  {
    "platform" : "",
    "searchTime" : "2024-12-19T06:56:38.969Z[UTC]",
    "searchQuery" : "I know",
    "searchInteractionURIs" : [
    ]
  },
  {
    "platform" : "",
    "searchTime" : "2024-12-19T06:56:39.026Z[UTC]",
    "searchQuery" : "I know",
    "searchInteractionURIs" : [
    ]
  },
  {
    "platform" : "ANDROID",
    "searchTime" : "2024-12-19T06:56:39.823Z[UTC]",
    "searchQuery" : "I know y",
    "searchInteractionURIs" : [
      "spotify:track:3IGL5erTPIQAAPK4RJjX1G"
    ]
  },
  {
    "platform" : "",
    "searchTime" : "2024-12-24T03:56:32.201Z[UTC]",
    "searchQuery" : "s",
    "searchInteractionURIs" : [
    ]
  },
  {
    "platform" : "WIN32_X86_64",
    "searchTime" : "2024-12-24T03:56:32.493Z[UTC]",
    "searchQuery" : "s",
    "searchInteractionURIs" : [
    ]
  },
  {
    "platform" : "",
    "searchTime" : "2024-12-24T03:56:33.355Z[UTC]",
    "searchQuery" : "st",
    "searchInteractionURIs" : [
    ]
  },
  {
    "platform" : "WIN32_X86_64",
    "searchTime" : "2024-12-24T03:56:33.645Z[UTC]",
    "searchQuery" : "st",
    "searchInteractionURIs" : [
    ]
  },
  {
    "platform" : "",
    "searchTime" : "2024-12-24T03:56:34.315Z[UTC]",
    "searchQuery" : "sta",
    "searchInteractionURIs" : [
    ]
  },
  {
    "platform" : "",
    "searchTime" : "2024-12-24T03:56:34.468Z[UTC]",
    "searchQuery" : "sta",
    "searchInteractionURIs" : [
    ]
  },
  {
    "platform" : "",
    "searchTime" : "2024-12-24T03:56:35.738Z[UTC]",
    "searchQuery" : "stan",
    "searchInteractionURIs" : [
    ]
  },
  {
    "platform" : "WIN32_X86_64",
    "searchTime" : "2024-12-24T03:56:35.990Z[UTC]",
    "searchQuery" : "stan",
    "searchInteractionURIs" : [
    ]
  },
  {
    "platform" : "",
    "searchTime" : "2024-12-24T03:56:37.054Z[UTC]",
    "searchQuery" : "standd",
    "searchInteractionURIs" : [
    ]
  },
  {
    "platform" : "",
    "searchTime" : "2024-12-24T03:56:37.342Z[UTC]",
    "searchQuery" : "standd",
    "searchInteractionURIs" : [
    ]
  },
  {
    "platform" : "",
    "searchTime" : "2024-12-24T03:56:37.799Z[UTC]",
    "searchQuery" : "standdi",
    "searchInteractionURIs" : [
    ]
  },
  {
    "platform" : "",
    "searchTime" : "2024-12-24T03:56:38.060Z[UTC]",
    "searchQuery" : "standdi",
    "searchInteractionURIs" : [
    ]
  },
  {
    "platform" : "",
    "searchTime" : "2024-12-24T03:56:38.562Z[UTC]",
    "searchQuery" : "standdin",
    "searchInteractionURIs" : [
    ]
  },
  {
    "platform" : "",
    "searchTime" : "2024-12-24T03:56:38.831Z[UTC]",
    "searchQuery" : "standdin",
    "searchInteractionURIs" : [
    ]
  },
  {
    "platform" : "",
    "searchTime" : "2024-12-24T03:56:39.062Z[UTC]",
    "searchQuery" : "standding",
    "searchInteractionURIs" : [
    ]
  },
  {
    "platform" : "",
    "searchTime" : "2024-12-24T03:56:39.381Z[UTC]",
    "searchQuery" : "standding",
    "searchInteractionURIs" : [
    ]
  },
  {
    "platform" : "ANDROID_ARM",
    "searchTime" : "2024-12-24T06:34:20.117Z[UTC]",
    "searchQuery" : "ave",
    "searchInteractionURIs" : [
    ]
  },
  {
    "platform" : "",
    "searchTime" : "2024-12-24T06:34:20.173Z[UTC]",
    "searchQuery" : "Ave",
    "searchInteractionURIs" : [
    ]
  },
  {
    "platform" : "",
    "searchTime" : "2024-12-24T06:34:20.234Z[UTC]",
    "searchQuery" : "Ave",
    "searchInteractionURIs" : [
    ]
  },
  {
    "platform" : "ANDROID",
    "searchTime" : "2024-12-24T06:34:20.252Z[UTC]",
    "searchQuery" : "Ave ",
    "searchInteractionURIs" : [
      "spotify:search:ave+maria"
    ]
  },
  {
    "platform" : "",
    "searchTime" : "2024-12-24T23:36:52.996Z[UTC]",
    "searchQuery" : "GLOR",
    "searchInteractionURIs" : [
    ]
  },
  {
    "platform" : "",
    "searchTime" : "2024-12-24T23:36:53.310Z[UTC]",
    "searchQuery" : "GLORY",
    "searchInteractionURIs" : [
    ]
  },
  {
    "platform" : "WIN32_X86_64",
    "searchTime" : "2024-12-24T23:36:53.325Z[UTC]",
    "searchQuery" : "GLOR",
    "searchInteractionURIs" : [
    ]
  },
  {
    "platform" : "",
    "searchTime" : "2024-12-24T23:36:53.490Z[UTC]",
    "searchQuery" : "GLORY",
    "searchInteractionURIs" : [
    ]
  },
  {
    "platform" : "WIN32_X86_64",
    "searchTime" : "2024-12-24T23:36:54.433Z[UTC]",
    "searchQuery" : "GLORY ",
    "searchInteractionURIs" : [
    ]
  },
  {
    "platform" : "",
    "searchTime" : "2024-12-24T23:36:54.464Z[UTC]",
    "searchQuery" : "GLORY ",
    "searchInteractionURIs" : [
    ]
  },
  {
    "platform" : "ANDROID",
    "searchTime" : "2024-12-25T04:48:42.837Z[UTC]",
    "searchQuery" : "christmas",
    "searchInteractionURIs" : [
      "spotify:search:christmas+songs",
      "spotify:track:6DLn4aRZpSaAdZJH85B3Fo"
    ]
  },
  {
    "platform" : "ANDROID",
    "searchTime" : "2024-12-25T04:49:02.964Z[UTC]",
    "searchQuery" : "christmas songs",
    "searchInteractionURIs" : [
      "spotify:artist:26AHtbjWKiwYzsoGoUZq53"
    ]
  },
  {
    "platform" : "ANDROID",
    "searchTime" : "2024-12-25T21:55:13.080Z[UTC]",
    "searchQuery" : "the river",
    "searchInteractionURIs" : [
      "spotify:search:the+river+album"
    ]
  },
  {
    "platform" : "ANDROID",
    "searchTime" : "2024-12-25T21:55:15.643Z[UTC]",
    "searchQuery" : "the river album",
    "searchInteractionURIs" : [
      "spotify:album:08rUTmM3rlO8L1RMcXNOxq"
    ]
  },
  {
    "platform" : "",
    "searchTime" : "2024-12-25T22:23:22.121Z[UTC]",
    "searchQuery" : "the ri",
    "searchInteractionURIs" : [
    ]
  },
  {
    "platform" : "",
    "searchTime" : "2024-12-25T22:23:22.313Z[UTC]",
    "searchQuery" : "the ri",
    "searchInteractionURIs" : [
    ]
  },
  {
    "platform" : "",
    "searchTime" : "2024-12-25T22:23:22.506Z[UTC]",
    "searchQuery" : "the rive",
    "searchInteractionURIs" : [
    ]
  },
  {
    "platform" : "",
    "searchTime" : "2024-12-25T22:23:22.678Z[UTC]",
    "searchQuery" : "the rive",
    "searchInteractionURIs" : [
    ]
  },
  {
    "platform" : "",
    "searchTime" : "2024-12-25T22:23:22.731Z[UTC]",
    "searchQuery" : "the river",
    "searchInteractionURIs" : [
    ]
  },
  {
    "platform" : "",
    "searchTime" : "2024-12-25T22:23:22.894Z[UTC]",
    "searchQuery" : "the river",
    "searchInteractionURIs" : [
    ]
  },
  {
    "platform" : "",
    "searchTime" : "2024-12-26T04:21:25.785Z[UTC]",
    "searchQuery" : "vlor",
    "searchInteractionURIs" : [
    ]
  },
  {
    "platform" : "",
    "searchTime" : "2024-12-26T04:21:25.831Z[UTC]",
    "searchQuery" : "vlor",
    "searchInteractionURIs" : [
    ]
  },
  {
    "platform" : "",
    "searchTime" : "2024-12-26T04:21:25.930Z[UTC]",
    "searchQuery" : "vlory",
    "searchInteractionURIs" : [
    ]
  },
  {
    "platform" : "",
    "searchTime" : "2024-12-26T04:21:25.967Z[UTC]",
    "searchQuery" : "vlory",
    "searchInteractionURIs" : [
    ]
  },
  {
    "platform" : "",
    "searchTime" : "2024-12-26T04:21:26.179Z[UTC]",
    "searchQuery" : "glory",
    "searchInteractionURIs" : [
    ]
  },
  {
    "platform" : "",
    "searchTime" : "2024-12-26T04:21:26.220Z[UTC]",
    "searchQuery" : "glory",
    "searchInteractionURIs" : [
    ]
  },
  {
    "platform" : "ANDROID",
    "searchTime" : "2024-12-26T04:21:27.621Z[UTC]",
    "searchQuery" : "glory s",
    "searchInteractionURIs" : [
      "spotify:track:2waRhK30rNntMYcVpF8SSo"
    ]
  },
  {
    "platform" : "ANDROID",
    "searchTime" : "2024-12-26T08:08:19.522Z[UTC]",
    "searchQuery" : "glory s",
    "searchInteractionURIs" : [
    ]
  },
  {
    "platform" : "",
    "searchTime" : "2024-12-26T11:32:11.606Z[UTC]",
    "searchQuery" : "the river",
    "searchInteractionURIs" : [
    ]
  },
  {
    "platform" : "",
    "searchTime" : "2024-12-26T11:32:11.848Z[UTC]",
    "searchQuery" : "the river",
    "searchInteractionURIs" : [
    ]
  },
  {
    "platform" : "",
    "searchTime" : "2024-12-28T22:10:18.647Z[UTC]",
    "searchQuery" : "n",
    "searchInteractionURIs" : [
    ]
  },
  {
    "platform" : "",
    "searchTime" : "2024-12-28T22:10:18.851Z[UTC]",
    "searchQuery" : "n",
    "searchInteractionURIs" : [
    ]
  },
  {
    "platform" : "",
    "searchTime" : "2024-12-28T22:10:18.961Z[UTC]",
    "searchQuery" : "na",
    "searchInteractionURIs" : [
    ]
  },
  {
    "platform" : "",
    "searchTime" : "2024-12-28T22:10:19.141Z[UTC]",
    "searchQuery" : "na",
    "searchInteractionURIs" : [
    ]
  },
  {
    "platform" : "",
    "searchTime" : "2024-12-28T22:10:19.549Z[UTC]",
    "searchQuery" : "nath",
    "searchInteractionURIs" : [
    ]
  },
  {
    "platform" : "",
    "searchTime" : "2024-12-28T22:10:19.747Z[UTC]",
    "searchQuery" : "nath",
    "searchInteractionURIs" : [
    ]
  },
  {
    "platform" : "WIN32_X86_64",
    "searchTime" : "2024-12-30T01:24:34.200Z[UTC]",
    "searchQuery" : "doll",
    "searchInteractionURIs" : [
    ]
  },
  {
    "platform" : "",
    "searchTime" : "2024-12-30T01:24:34.221Z[UTC]",
    "searchQuery" : "doll",
    "searchInteractionURIs" : [
    ]
  },
  {
    "platform" : "",
    "searchTime" : "2024-12-30T01:24:34.302Z[UTC]",
    "searchQuery" : "dolly ",
    "searchInteractionURIs" : [
    ]
  },
  {
    "platform" : "",
    "searchTime" : "2024-12-30T01:24:34.466Z[UTC]",
    "searchQuery" : "dolly ",
    "searchInteractionURIs" : [
    ]
  },
  {
    "platform" : "",
    "searchTime" : "2024-12-30T10:33:40.877Z[UTC]",
    "searchQuery" : "wings",
    "searchInteractionURIs" : [
    ]
  },
  {
    "platform" : "",
    "searchTime" : "2024-12-30T10:33:41.138Z[UTC]",
    "searchQuery" : "wings",
    "searchInteractionURIs" : [
    ]
  },
  {
    "platform" : "",
    "searchTime" : "2025-01-01T21:12:54.562Z[UTC]",
    "searchQuery" : "na",
    "searchInteractionURIs" : [
    ]
  },
  {
    "platform" : "",
    "searchTime" : "2025-01-01T21:12:54.685Z[UTC]",
    "searchQuery" : "nat",
    "searchInteractionURIs" : [
    ]
  },
  {
    "platform" : "",
    "searchTime" : "2025-01-01T21:12:54.760Z[UTC]",
    "searchQuery" : "na",
    "searchInteractionURIs" : [
    ]
  },
  {
    "platform" : "",
    "searchTime" : "2025-01-01T21:12:54.847Z[UTC]",
    "searchQuery" : "nat",
    "searchInteractionURIs" : [
    ]
  },
  {
    "platform" : "",
    "searchTime" : "2025-01-01T21:12:54.950Z[UTC]",
    "searchQuery" : "nath",
    "searchInteractionURIs" : [
    ]
  },
  {
    "platform" : "",
    "searchTime" : "2025-01-01T21:12:55.152Z[UTC]",
    "searchQuery" : "nath",
    "searchInteractionURIs" : [
    ]
  },
  {
    "platform" : "",
    "searchTime" : "2025-01-01T21:13:35.455Z[UTC]",
    "searchQuery" : "ju",
    "searchInteractionURIs" : [
    ]
  },
  {
    "platform" : "",
    "searchTime" : "2025-01-01T21:13:35.612Z[UTC]",
    "searchQuery" : "ju",
    "searchInteractionURIs" : [
    ]
  },
  {
    "platform" : "WIN32_X86_64",
    "searchTime" : "2025-01-01T21:13:35.981Z[UTC]",
    "searchQuery" : "judi",
    "searchInteractionURIs" : [
    ]
  },
  {
    "platform" : "",
    "searchTime" : "2025-01-01T21:13:36.028Z[UTC]",
    "searchQuery" : "judi",
    "searchInteractionURIs" : [
    ]
  },
  {
    "platform" : "",
    "searchTime" : "2025-01-01T21:13:36.313Z[UTC]",
    "searchQuery" : "judika",
    "searchInteractionURIs" : [
    ]
  },
  {
    "platform" : "",
    "searchTime" : "2025-01-01T21:13:36.471Z[UTC]",
    "searchQuery" : "judika",
    "searchInteractionURIs" : [
    ]
  },
  {
    "platform" : "",
    "searchTime" : "2025-01-01T21:13:36.688Z[UTC]",
    "searchQuery" : "judikay",
    "searchInteractionURIs" : [
    ]
  },
  {
    "platform" : "",
    "searchTime" : "2025-01-01T21:13:36.886Z[UTC]",
    "searchQuery" : "judikay",
    "searchInteractionURIs" : [
    ]
  },
  {
    "platform" : "",
    "searchTime" : "2025-01-03T02:32:36.648Z[UTC]",
    "searchQuery" : "bidemi",
    "searchInteractionURIs" : [
    ]
  },
  {
    "platform" : "",
    "searchTime" : "2025-01-03T02:32:36.682Z[UTC]",
    "searchQuery" : "bidemi",
    "searchInteractionURIs" : [
    ]
  },
  {
    "platform" : "ANDROID",
    "searchTime" : "2025-01-03T02:32:37.202Z[UTC]",
    "searchQuery" : "abidemi ola",
    "searchInteractionURIs" : [
      "spotify:artist:6zgGhksQtJmJzAOalAeUSV"
    ]
  },
  {
    "platform" : "ANDROID",
    "searchTime" : "2025-01-03T07:39:41.434Z[UTC]",
    "searchQuery" : "duns",
    "searchInteractionURIs" : [
      "spotify:artist:49BZ6sJNhvubVBsomYuLFM"
    ]
  },
  {
    "platform" : "",
    "searchTime" : "2025-01-04T14:21:15.755Z[UTC]",
    "searchQuery" : "wonder",
    "searchInteractionURIs" : [
    ]
  },
  {
    "platform" : "",
    "searchTime" : "2025-01-04T14:21:15.988Z[UTC]",
    "searchQuery" : "wonder",
    "searchInteractionURIs" : [
    ]
  },
  {
    "platform" : "",
    "searchTime" : "2025-01-04T14:21:16.190Z[UTC]",
    "searchQuery" : "wonderfu",
    "searchInteractionURIs" : [
    ]
  },
  {
    "platform" : "",
    "searchTime" : "2025-01-04T14:21:16.429Z[UTC]",
    "searchQuery" : "wonderfu",
    "searchInteractionURIs" : [
    ]
  },
  {
    "platform" : "",
    "searchTime" : "2025-01-04T14:21:17.071Z[UTC]",
    "searchQuery" : "wonderful lo",
    "searchInteractionURIs" : [
    ]
  },
  {
    "platform" : "",
    "searchTime" : "2025-01-04T14:21:17.265Z[UTC]",
    "searchQuery" : "wonderful lo",
    "searchInteractionURIs" : [
    ]
  },
  {
    "platform" : "",
    "searchTime" : "2025-01-04T14:21:19.714Z[UTC]",
    "searchQuery" : "wonderful l",
    "searchInteractionURIs" : [
    ]
  },
  {
    "platform" : "",
    "searchTime" : "2025-01-04T14:21:19.878Z[UTC]",
    "searchQuery" : "wonderful l",
    "searchInteractionURIs" : [
    ]
  },
  {
    "platform" : "WIN32_X86_64",
    "searchTime" : "2025-01-04T14:21:20.191Z[UTC]",
    "searchQuery" : "wonderful ",
    "searchInteractionURIs" : [
    ]
  },
  {
    "platform" : "",
    "searchTime" : "2025-01-04T14:21:20.219Z[UTC]",
    "searchQuery" : "wonderful ",
    "searchInteractionURIs" : [
    ]
  },
  {
    "platform" : "",
    "searchTime" : "2025-01-04T14:21:24.084Z[UTC]",
    "searchQuery" : "wonderful w",
    "searchInteractionURIs" : [
    ]
  },
  {
    "platform" : "",
    "searchTime" : "2025-01-04T14:21:24.279Z[UTC]",
    "searchQuery" : "wonderful w",
    "searchInteractionURIs" : [
    ]
  },
  {
    "platform" : "",
    "searchTime" : "2025-01-04T14:21:25.657Z[UTC]",
    "searchQuery" : "wonderful wo",
    "searchInteractionURIs" : [
    ]
  },
  {
    "platform" : "",
    "searchTime" : "2025-01-04T14:21:25.879Z[UTC]",
    "searchQuery" : "wonderful wo",
    "searchInteractionURIs" : [
    ]
  },
  {
    "platform" : "",
    "searchTime" : "2025-01-04T14:21:26.162Z[UTC]",
    "searchQuery" : "wonderful wor",
    "searchInteractionURIs" : [
    ]
  },
  {
    "platform" : "",
    "searchTime" : "2025-01-04T14:21:26.356Z[UTC]",
    "searchQuery" : "wonderful wor",
    "searchInteractionURIs" : [
    ]
  },
  {
    "platform" : "",
    "searchTime" : "2025-01-04T21:39:28.175Z[UTC]",
    "searchQuery" : "vic",
    "searchInteractionURIs" : [
    ]
  },
  {
    "platform" : "",
    "searchTime" : "2025-01-04T21:39:28.405Z[UTC]",
    "searchQuery" : "vic",
    "searchInteractionURIs" : [
    ]
  },
  {
    "platform" : "",
    "searchTime" : "2025-01-04T21:39:29.091Z[UTC]",
    "searchQuery" : "victory dabce",
    "searchInteractionURIs" : [
    ]
  },
  {
    "platform" : "",
    "searchTime" : "2025-01-04T21:39:29.314Z[UTC]",
    "searchQuery" : "victory dabce",
    "searchInteractionURIs" : [
    ]
  },
  {
    "platform" : "WIN32_X86_64",
    "searchTime" : "2025-01-04T21:39:30.871Z[UTC]",
    "searchQuery" : "victory da",
    "searchInteractionURIs" : [
    ]
  },
  {
    "platform" : "",
    "searchTime" : "2025-01-04T21:39:30.895Z[UTC]",
    "searchQuery" : "victory da",
    "searchInteractionURIs" : [
    ]
  },
  {
    "platform" : "",
    "searchTime" : "2025-01-04T21:39:31.320Z[UTC]",
    "searchQuery" : "victory dance",
    "searchInteractionURIs" : [
    ]
  },
  {
    "platform" : "",
    "searchTime" : "2025-01-04T21:39:31.473Z[UTC]",
    "searchQuery" : "victory dance",
    "searchInteractionURIs" : [
    ]
  },
  {
    "platform" : "",
    "searchTime" : "2025-01-05T05:14:28.090Z[UTC]",
    "searchQuery" : "blessed",
    "searchInteractionURIs" : [
    ]
  },
  {
    "platform" : "",
    "searchTime" : "2025-01-05T05:14:28.130Z[UTC]",
    "searchQuery" : "blessed",
    "searchInteractionURIs" : [
    ]
  },
  {
    "platform" : "ANDROID",
    "searchTime" : "2025-01-05T05:14:32.496Z[UTC]",
    "searchQuery" : "blessed are you ",
    "searchInteractionURIs" : [
      "spotify:search:blessed+are+you%2C+o+lord+our+god+bar%27chu"
    ]
  },
  {
    "platform" : "ANDROID",
    "searchTime" : "2025-01-05T05:14:40.360Z[UTC]",
    "searchQuery" : "blessed are you, o lord our god bar'chu",
    "searchInteractionURIs" : [
      "spotify:track:1AtmmhNL0Zl50ZC9jyxHwT"
    ]
  },
  {
    "platform" : "",
    "searchTime" : "2025-01-05T05:15:46.298Z[UTC]",
    "searchQuery" : "blessed are you, o lord our god bar'chu",
    "searchInteractionURIs" : [
    ]
  },
  {
    "platform" : "ANDROID",
    "searchTime" : "2025-01-07T07:22:54.129Z[UTC]",
    "searchQuery" : "omi",
    "searchInteractionURIs" : [
      "spotify:search:omije+ojumi"
    ]
  },
  {
    "platform" : "ANDROID",
    "searchTime" : "2025-01-07T07:22:58.037Z[UTC]",
    "searchQuery" : "omije ojumi",
    "searchInteractionURIs" : [
      "spotify:track:3PkXEnsoMaEL3jDto6eglJ"
    ]
  }
]