{
  "tracks": [
    {
      "artist": "Labrinth",
      "album": "Euphoria (Original Score from the HBO Series)",
      "track": "Formula",
      "uri": "spotify:track:6EtKlIQmGPB9SX8UjDJG5s"
    },
    {
      "artist": "Elijah Oyelade",
      "album": "Spirit Pray",
      "track": "Spirit Pray II",
      "uri": "spotify:track:6Zgm5M7G6PXQqNs2F6Agxn"
    },
    {
      "artist": "Minister GUC",
      "album": "To Yahweh's Delight",
      "track": "The Call (Chants)",
      "uri": "spotify:track:5Tiam84rOv9mReGegBJN8y"
    },
    {
      "artist": "Christina Perri",
      "album": "The Twilight Saga: Breaking Dawn - Part 1",
      "track": "a thousand years",
      "uri": "spotify:track:03H03k1F6t3VqCSPRBtuHk"
    },
    {
      "artist": "Prinx Emmanuel",
      "album": "Cock & Bull",
      "track": "Cock & Bull",
      "uri": "spotify:track:3ZRgwGkJsp5LKVUopyVfUg"
    },
    {
      "artist": "Jordan Praise",
      "album": "The Believer's Anthem",
      "track": "The Believer's Anthem",
      "uri": "spotify:track:2lY1v52nENE82udSobGUu8"
    },
    {
      "artist": "Nina Simone",
      "album": "I Put A Spell On You",
      "track": "I Put A Spell On You",
      "uri": "spotify:track:0sjxRg1VlYfx4YG7uxurrq"
    },
    {
      "artist": "Nathan Evans",
      "album": "Wellerman - The Album",
      "track": "Wellerman - Sea Shanty",
      "uri": "spotify:track:0WoQSoNO40qdY3j6PxMy4b"
    },
    {
      "artist": "Frank Edwards",
      "album": "Unlimited - Verse 1",
      "track": "Mighty Ebube",
      "uri": "spotify:track:3yBKFuG4t5YNVWraoQ3Hyh"
    },
    {
      "artist": "Minister GUC",
      "album": "The Trio And I",
      "track": "The One You Love",
      "uri": "spotify:track:6rABH6v9Z5HW4Q7vZpPFgP"
    },
    {
      "artist": "Macklemore",
      "album": "GEMINI",
      "track": "Glorious (feat. Skylar Grey)",
      "uri": "spotify:track:0CokSRCu5hZgPxcZBaEzVE"
    },
    {
      "artist": "Sunmisola Agbebi",
      "album": "B'Ola",
      "track": "B'Ola - Honour",
      "uri": "spotify:track:2dMDbU8IYPSltZayJLQ9Mb"
    },
    {
      "artist": "Lesley Gore",
      "album": "Lesley Gore Sings Of Mixed-Up Hearts",
      "track": "You Don't Own Me",
      "uri": "spotify:track:7ngRS53kqxLcEt9Pythc5d"
    },
    {
      "artist": "Westlife",
      "album": "Coast To Coast",
      "track": "My Love",
      "uri": "spotify:track:5p0ietGkLNEqx1Z7ijkw5g"
    },
    {
      "artist": "1Spirit & Theophilus Sunday",
      "album": "Adua",
      "track": "Adua",
      "uri": "spotify:track:0es0mq0nvuoqkp8xc6ufk0"
    },
    {
      "artist": "Spice Girls",
      "album": "Viva Forever",
      "track": "Viva Forever",
      "uri": "spotify:track:4sB9igr4cKIT358vYdjrkv"
    },
    {
      "artist": "The Chainsmokers",
      "album": "Closer",
      "track": "Closer",
      "uri": "spotify:track:7BKLCZ1jbUBVqRi2FVlTVw"
    },
    {
      "artist": "Lady Gaga",
      "album": "A Star Is Born Soundtrack",
      "track": "Always Remember Us This Way",
      "uri": "spotify:track:2rbDhOo9Fh61Bbu23T2qCk"
    },
    {
      "artist": "Alan Walker",
      "album": "Different World",
      "track": "Faded",
      "uri": "spotify:track:698ItKASDavgwZ3WjaWjtz"
    },
    {
      "artist": "The Spirituals",
      "album": "Wade In The Water",
      "track": "Wade In The Water - Live",
      "uri": "spotify:track:1xcC0GKNgEWDjWxawt29Nl"
    },
    {
      "artist": "Eminem",
      "album": "The Marshall Mathers LP",
      "track": "Stan",
      "uri": "spotify:track:3UmaczJpikHgJFyBTAJVoz"
    },
    {
      "artist": "Diana Hamilton",
      "album": "Grace",
      "track": "Adom",
      "uri": "spotify:track:2wF5Ey3bdEo3qzsYp3iNEh"
    },
    {
      "artist": "Ludwig van Beethoven",
      "album": "Beethoven Greatest Hits",
      "track": "Für Elise, WoO 59",
      "uri": "spotify:track:6MQAB3vorg90FA3tQpbYXK"
    },
    {
      "artist": "Alicia Keys",
      "album": "Songs In A Minor",
      "track": "Fallin'",
      "uri": "spotify:track:0KQx6HOpJueiSkztcS0r7D"
    },
    {
      "artist": "James Blunt",
      "album": "Back to Bedlam",
      "track": "You're Beautiful",
      "uri": "spotify:track:0vg4WnUWvze6pBOJDTq99k"
    },
    {
      "artist": "Judikay",
      "album": "Man Of Galilee",
      "track": "Raboni",
      "uri": "spotify:track:3Qy1yybt8D1YvSyedTHVg3"
    },
    {
      "artist": "Ronan Keating",
      "album": "Ronan",
      "track": "When You Say Nothing At All",
      "uri": "spotify:track:0gcjc7Vt5xtcfmJgf6g2IO"
    },
    {
      "artist": "Nina Simone",
      "album": "I Put A Spell On You",
      "track": "Feeling Good",
      "uri": "spotify:track:6Rqn2GFlmvmV4w9Ala0I1e"
    },
    {
      "artist": "Minister GUC",
      "album": "The Trio And I",
      "track": "I've Got Joy",
      "uri": "spotify:track:6LdafE16LXq1Ds9uWlUeAP"
    },
    {
      "artist": "Dido",
      "album": "Life For Rent",
      "track": "Life for Rent",
      "uri": "spotify:track:7nYS7mmZh0K8EbM8DBRwb9"
    },
    {
      "artist": "Nina Simone",
      "album": "Pastel Blues",
      "track": "Sinnerman",
      "uri": "spotify:track:5xRP5iyVdGglqlY4Vcjhkx"
    },
    {
      "artist": "Dido",
      "album": "Life For Rent",
      "track": "White Flag",
      "uri": "spotify:track:6si71supnBUhddjR2FJc2L"
    },
    {
      "artist": "R. City",
      "album": "What Dreams Are Made Of",
      "track": "Locked Away (feat. Adam Levine)",
      "uri": "spotify:track:7x5xYW5W42OGPAdHUyyguy"
    },
    {
      "artist": "Lionel Richie",
      "album": "Can't Slow Down",
      "track": "Hello",
      "uri": "spotify:track:6HMvJcdw6qLsyV1b5x29sa"
    },
    {
      "artist": "Calum Scott",
      "album": "Only Human",
      "track": "Dancing On My Own",
      "uri": "spotify:track:2BOqDYLOJBiMOXShCV1neZ"
    },
    {
      "artist": "Minister GUC",
      "album": "The Trio And I",
      "track": "Eloi Eloi",
      "uri": "spotify:track:3wZ5CGWAEPGj1zp7cFd41o"
    },
    {
      "artist": "Skott",
      "album": "A Letter from the Universe",
      "track": "Overcome",
      "uri": "spotify:track:6NzO8H8HWe1hHaiZWiGpXH"
    },
    {
      "artist": "Minister GUC",
      "album": "The Trio And I",
      "track": "Letter To Jesus",
      "uri": "spotify:track:3OhYOBNkzLt6KNQE3ATkXd"
    },
    {
      "artist": "Eminem",
      "album": "The Eminem Show",
      "track": "Without Me",
      "uri": "spotify:track:7lQ8MOhq6IN2w8EYcFNSUk"
    },
    {
      "artist": "Labrinth",
      "album": "Euphoria (Original Score from the HBO Series)",
      "track": "Still Don't Know My Name",
      "uri": "spotify:track:6N22FZs2ZhPBYi3b9XPajV"
    },
    {
      "artist": "Lionel Richie",
      "album": "Can't Slow Down",
      "track": "Stuck On You",
      "uri": "spotify:track:6HPLeKiNm92RbykX2BDTUB"
    },
    {
      "artist": "Lost Frequencies",
      "album": "Where Are You Now",
      "track": "Where Are You Now",
      "uri": "spotify:track:3uUuGVFu1V7jTQL60S1r8z"
    },
    {
      "artist": "Vinesong",
      "album": "Let Your Living Water Flow \"Live\"",
      "track": "When It Hurts So Bad",
      "uri": "spotify:track:7HJhBAkYgkKP6N7a2oYwmP"
    },
    {
      "artist": "Cynthia Erivo",
      "album": "Stand Up (From Harriet)",
      "track": "Stand Up (From Harriet)",
      "uri": "spotify:track:3wNNbf63xkxw9rIVWtFy7a"
    },
    {
      "artist": "Minister GUC",
      "album": "The Trio And I",
      "track": "Strong Presence",
      "uri": "spotify:track:5G8HLOKfDAi9WU0JnAeokr"
    },
    {
      "artist": "James Bay",
      "album": "Chaos And The Calm",
      "track": "Hold Back The River",
      "uri": "spotify:track:1KZyVnyptQcPzkx7ELCnZC"
    },
    {
      "artist": "Stevie Wonder",
      "album": "Signed, Sealed And Delivered",
      "track": "Signed, Sealed, Delivered (I'm Yours)",
      "uri": "spotify:track:2eF8pWbiivYsYRpbntYsnc"
    },
    {
      "artist": "Enrique Iglesias",
      "album": "Escape",
      "track": "Hero",
      "uri": "spotify:track:1PAgmT6YqGhd6zT9kN9gIo"
    },
    {
      "artist": "James Arthur",
      "album": "Back from the Edge",
      "track": "Say You Won't Let Go",
      "uri": "spotify:track:5uCax9HTNlzGybIStD3vDh"
    },
    {
      "artist": "James Brown",
      "album": "It's A New Day - Let A Man Come In",
      "track": "It's A Man's, Man's, Man's World",
      "uri": "spotify:track:3BcH252CGECgOWfKBjAaBC"
    },
    {
      "artist": "The Spirituals",
      "album": "Black History Project (Live from London)",
      "track": "Something Inside So Strong - Live",
      "uri": "spotify:track:6APF8F7OkfzBGfWsQhZQFI"
    },
    {
      "artist": "Prospa Ochimana",
      "album": "Out Of My Belly",
      "track": "Out Of My Belly",
      "uri": "spotify:track:19OhFys7Cga8g5sHHSY7hE"
    },
    {
      "artist": "Ruth B.",
      "album": "Safe Haven",
      "track": "Dandelions",
      "uri": "spotify:track:2eAvDnpXP5W0cVtiI0PUxV"
    },
    {
      "artist": "Calum Scott",
      "album": "Only Human",
      "track": "You Are The Reason",
      "uri": "spotify:track:69vToJ9BMbbLlFZo7k7A7B"
    },
    {
      "artist": "David Dam",
      "album": "Ebenezer",
      "track": "Ebenezer",
      "uri": "spotify:track:718vAbNLit3rNDsuChMwWS"
    },
    {
      "artist": "Dunsin Oyekan",
      "album": "The Glory Experience (Songs of Zion)",
      "track": "Kaabo",
      "uri": "spotify:track:5RrEkgXlClry1Wln0LTpIa"
    },
    {
      "artist": "Ludwig van Beethoven",
      "album": "Für Elise, Bagatelle No. 25 in A Minor, WoO 59",
      "track": "Bagatelle No. 25 in A Minor, WoO 59 \"Für Elise\"",
      "uri": "spotify:track:3zLTPuucd3e6TxZnu2dlVS"
    },
    {
      "artist": "Moses Bliss",
      "album": "Miracle",
      "track": "Miracle",
      "uri": "spotify:track:3RWGw0Q3JA9gYtBcor4UQy"
    },
    {
      "artist": "Dido",
      "album": "No Angel",
      "track": "Thank You",
      "uri": "spotify:track:3yUcJwYu7fXAfqMj9krY6l"
    },
    {
      "artist": "Gotye",
      "album": "Making Mirrors",
      "track": "Somebody That I Used To Know",
      "uri": "spotify:track:1qDrWA6lyx8cLECdZE7TV7"
    },
    {
      "artist": "A Great Big World",
      "album": "Is There Anybody Out There? - Track by Track Commentary",
      "track": "Say Something",
      "uri": "spotify:track:5TvE3pk05pyFIGdSY9j4DJ"
    },
    {
      "artist": "Bryan Adams",
      "album": "Waking Up The Neighbours",
      "track": "(Everything I Do) I Do It For You",
      "uri": "spotify:track:1Eb90nmqTrxylKFhcUzW8P"
    },
    {
      "artist": "Minister GUC",
      "album": "The Trio And I",
      "track": "Preserve Me",
      "uri": "spotify:track:1uIl1e0xoBiXMnqxsEirL7"
    },
    {
      "artist": "Lloyiso",
      "album": "Seasons",
      "track": "Seasons",
      "uri": "spotify:track:3gmKj3ulv2GGeW4JkmphHE"
    },
    {
      "artist": "Lighthouse Family",
      "album": "Greatest Hits",
      "track": "Ain't No Sunshine",
      "uri": "spotify:track:435rQGMojc5C6xJbtjeynu"
    },
    {
      "artist": "Dr. Orlando Owoh",
      "album": "Aiyele Alantere",
      "track": "Alantere, Pt. 1",
      "uri": "spotify:track:7GKN1ExFgQJ5uiNUArQhie"
    },
    {
      "artist": "Steve Crown",
      "album": "You are Great",
      "track": "Imela",
      "uri": "spotify:track:6cyYQWOwUORc8K1oBVqEvW"
    },
    {
      "artist": "Lord Huron",
      "album": "Strange Trails",
      "track": "The Night We Met",
      "uri": "spotify:track:3hRV0jL3vUpRrcy398teAU"
    },
    {
      "artist": "Sunmisola Agbebi",
      "album": "Koseunti",
      "track": "Koseunti",
      "uri": "spotify:track:2crS3DOA1Gmf7Y8cXVrvas"
    },
    {
      "artist": "Amy Winehouse",
      "album": "Back To Black",
      "track": "Back To Black",
      "uri": "spotify:track:3FAclTFfvUuQYnEsptbK8w"
    },
    {
      "artist": "Ben E. King",
      "album": "Don't Play That Song",
      "track": "Stand By Me",
      "uri": "spotify:track:3SdTKo2uVsxFblQjpScoHy"
    },
    {
      "artist": "Pastor Emmanuel Iren",
      "album": "Apostolos (Sounds of Transition)",
      "track": "Apostolos",
      "uri": "spotify:track:3uVzW8k0xTYocdbYAc2r1Q"
    },
    {
      "artist": "Labrinth",
      "album": "Jealous - EP",
      "track": "Jealous",
      "uri": "spotify:track:4G92yYrUs0cvY7G41YRI0z"
    },
    {
      "artist": "Stevie Wonder",
      "album": "The Definitive Collection",
      "track": "Superstition - Single Version",
      "uri": "spotify:track:1h2xVEoJORqrg71HocgqXd"
    },
    {
      "artist": "Tim Godfrey",
      "album": "Greater",
      "track": "Worship Chant",
      "uri": "spotify:track:1aZACvbSXB3I5UDnsPFfwV"
    },
    {
      "artist": "Flavour",
      "album": "Game Changer (Dike)",
      "track": "Game Changer (Dike)",
      "uri": "spotify:track:5GxeZ0u1qDX95nZwV055JS"
    },
    {
      "artist": "Grace Carter",
      "album": "Blame",
      "track": "Blame",
      "uri": "spotify:track:6pQUQdaZacg722q6sg6fPR"
    },
    {
      "artist": "Labrinth",
      "album": "Imagination & the Misfit Kid",
      "track": "Mount Everest",
      "uri": "spotify:track:1ZdhOMWyFR8Iv9eylMGYg2"
    },
    {
      "artist": "Marshmello",
      "album": "Happier",
      "track": "Happier",
      "uri": "spotify:track:2dpaYNEQHiRxtZbfNsse99"
    },
    {
      "artist": "Ronan Keating",
      "album": "Destination",
      "track": "If Tomorrow Never Comes",
      "uri": "spotify:track:7tbJozWewwmFvTkXCUFtt0"
    },
    {
      "artist": "Gabriel Eziashi",
      "album": "Intimate Moments",
      "track": "My Praise",
      "uri": "spotify:track:5JAlfD26HRSKrZEP7pfSON"
    },
    {
      "artist": "Jason Mraz",
      "album": "We Sing. We Dance. We Steal Things.",
      "track": "I'm Yours",
      "uri": "spotify:track:3S0OXQeoh0w6AY8WQVckRW"
    },
    {
      "artist": "Tracy Chapman",
      "album": "Tracy Chapman",
      "track": "Fast Car",
      "uri": "spotify:track:2M9ro2krNb7nr7HSprkEgo"
    },
    {
      "artist": "AURORA",
      "album": "All My Demons Greeting Me As A Friend",
      "track": "Runaway",
      "uri": "spotify:track:1v1oIWf2Xgh54kIWuKsDf6"
    },
    {
      "artist": "Ronan Keating",
      "album": "Twenty Twenty",
      "track": "One Of A Kind",
      "uri": "spotify:track:5qpCKwkAnG7irQmmsei8sU"
    },
    {
      "artist": "Tracy Chapman",
      "album": "Tracy Chapman",
      "track": "Baby Can I Hold You",
      "uri": "spotify:track:2DjWsDGgL1xNbhnr7f6t5F"
    },
    {
      "artist": "Deborah Billyben",
      "album": "Worship Experience",
      "track": "Worship Experience",
      "uri": "spotify:track:3KmaO3sMXV6kSKuxihHbzy"
    },
    {
      "artist": "CLOVES",
      "album": "XIII",
      "track": "Don't Forget About Me",
      "uri": "spotify:track:4gVZhkcsZcwQ4mU1gEeXEO"
    },
    {
      "artist": "Minister GUC",
      "album": "The Trio And I",
      "track": "Man Wey God Show Mercy",
      "uri": "spotify:track:3d1VgM7nwbPrZWv87u7fR7"
    },
    {
      "artist": "P!nk",
      "album": "The Truth About Love",
      "track": "Just Give Me a Reason (feat. Nate Ruess)",
      "uri": "spotify:track:1mKXFLRA179hdOWQBwUk9e"
    },
    {
      "artist": "Labrinth",
      "album": "Imagination & the Misfit Kid",
      "track": "All For Us",
      "uri": "spotify:track:76YSWx6L6FNsuaP6GWBb8P"
    },
    {
      "artist": "James Brown",
      "album": "Get On Up - The James Brown Story",
      "track": "I Got You - 1964 Smash Version",
      "uri": "spotify:track:711ba03szQaASPznwdZkuw"
    }
  ],
  "albums": [
    {
      "artist": "Victoria Orenze",
      "album": "Truth in Sounds",
      "uri": "spotify:album:0wQ2rB1CLrUZlsYROvBDyq"
    },
    {
      "artist": "Prospa Ochimana",
      "album": "Ekwueme to the World Project",
      "uri": "spotify:album:1hLkcPy59fyfQktW86MaOQ"
    },
    {
      "artist": "Minister GUC",
      "album": "The Trio And I",
      "uri": "spotify:album:4PIE4GSzmjeUQY1wmp5PVC"
    },
    {
      "artist": "Akon",
      "album": "Konvicted",
      "uri": "spotify:album:6kzoWb4UzvKYgbDfAwgaFq"
    },
    {
      "artist": "Akon",
      "album": "Trouble Deluxe Edition",
      "uri": "spotify:album:77eKpEVxmSr1RhqMlirlTF"
    },
    {
      "artist": "Victoria Orenze",
      "album": "Return Rev. 2:4",
      "uri": "spotify:album:4thMivYYO5sTAfgCfSU7tI"
    },
    {
      "artist": "Minister GUC",
      "album": "To Yahweh's Delight",
      "uri": "spotify:album:779P4ZNqRzXiiw2sIRTXva"
    },
    {
      "artist": "Common",
      "album": "Glory (From the Motion Picture Selma)",
      "uri": "spotify:album:3cZ3dS7ogHb55sWjVzaBnx"
    },
    {
      "artist": "Prospa Ochimana",
      "album": "Out Of My Belly",
      "uri": "spotify:album:5Ro7tNG0TSpe3E1ynWvKRx"
    },
    {
      "artist": "R. Kelly",
      "album": "The World's Greatest",
      "uri": "spotify:album:4L24UrgfaKE6LiaugKFPxR"
    },
    {
      "artist": "Judikay",
      "album": "From This Heart",
      "uri": "spotify:album:62rzYuUdW35pdVo7PprBPb"
    },
    {
      "artist": "Judikay",
      "album": "Man Of Galilee",
      "uri": "spotify:album:6m1ZBEKGANGy4Tfgwhtk08"
    }
  ],
  "shows": [
    {
      "name": "Apostle Joshua Selman",
      "publisher": "Apostle Joshua Selman",
      "uri": "spotify:show:5NF0rMuAWh96blidcj28or"
    },
    {
      "name": "BROTHER GBILE AKANNI",
      "publisher": "Brother Gbile Akanni",
      "uri": "spotify:show:7mCPrmzdE663sUAHZiBFZp"
    },
    {
      "name": "Dr D.K. Olukoya",
      "publisher": "Dr D.K.  Olukoya",
      "uri": "spotify:show:6yu4xzMjrizFydjXy5YGfB"
    },
    {
      "name": "Global Crusade with Kumuyi",
      "publisher": "Deeper Christian Life Ministry",
      "uri": "spotify:show:3EGRb1Zctgx0tf4FxBYXX2"
    }
  ],
  "episodes": [
  ],
  "bannedTracks": [
  ],
  "artists": [
    {
      "name": "121SELAH",
      "uri": "spotify:artist:3D0PnJS2WA0lgjLgMz0Oqq"
    },
    {
      "name": "A Great Big World",
      "uri": "spotify:artist:5xKp3UyavIBUsGy3DQdXeF"
    },
    {
      "name": "AURORA",
      "uri": "spotify:artist:1WgXqy2Dd70QQOU7Ay074N"
    },
    {
      "name": "Adam Levine",
      "uri": "spotify:artist:4bYPcJP5jwMhSivRcqie2n"
    },
    {
      "name": "Alan Walker",
      "uri": "spotify:artist:7vk5e3vY1uw9plTHJAMwjN"
    },
    {
      "name": "Amy Winehouse",
      "uri": "spotify:artist:6Q192DXotxtaysaqNPy5yR"
    },
    {
      "name": "Anne-Marie",
      "uri": "spotify:artist:1zNqDE7qDGCsyzJwohVaoX"
    },
    {
      "name": "Bryan Adams",
      "uri": "spotify:artist:3Z02hBLubJxuFJfhacLSDc"
    },
    {
      "name": "Brymo",
      "uri": "spotify:artist:094nOQ29vLC8FjZ3PhnM2u"
    },
    {
      "name": "CLOVES",
      "uri": "spotify:artist:355SqtHY4qKt2wIXrWku0c"
    },
    {
      "name": "Calum Scott",
      "uri": "spotify:artist:6ydoSd3N2mwgwBHtF6K7eX"
    },
    {
      "name": "Chioma Jesus",
      "uri": "spotify:artist:7GNY8eqnvkcMvJp1jrETa4"
    },
    {
      "name": "Chris Delvan Gwamna",
      "uri": "spotify:artist:66g6rrnhTzEaKoaVRu84Da"
    },
    {
      "name": "Christina Perri",
      "uri": "spotify:artist:7H55rcKCfwqkyDFH9wpKM6"
    },
    {
      "name": "Cynthia Erivo",
      "uri": "spotify:artist:46UMQ0cW8ToR8egkBRwAxZ"
    },
    {
      "name": "Daps Dalyop Gwom",
      "uri": "spotify:artist:0fDwHPXyTYfzdc4yxnEC04"
    },
    {
      "name": "Deborah Billyben",
      "uri": "spotify:artist:66RwPamHb7MkgJKuUcoKyj"
    },
    {
      "name": "Dido",
      "uri": "spotify:artist:2mpeljBig2IXLXRAFO9AAs"
    },
    {
      "name": "Dr. Orlando Owoh",
      "uri": "spotify:artist:4JlARvQLGoU9Ri1RdZXWGm"
    },
    {
      "name": "Dunsin Oyekan",
      "uri": "spotify:artist:49BZ6sJNhvubVBsomYuLFM"
    },
    {
      "name": "Eminem",
      "uri": "spotify:artist:7dGJo4pcD2V6oG8kP0tJRR"
    },
    {
      "name": "Enrique Iglesias",
      "uri": "spotify:artist:7qG3b048QCHVRO5Pv1T5lw"
    },
    {
      "name": "Evanescence",
      "uri": "spotify:artist:5nGIFgo0shDenQYSE0Sn7c"
    },
    {
      "name": "Halsey",
      "uri": "spotify:artist:26VFTg2z8YR0cCuwLzESi2"
    },
    {
      "name": "Iniko",
      "uri": "spotify:artist:2ih5M0aTrQ97JX1nZuxDQY"
    },
    {
      "name": "Jacob Banks",
      "uri": "spotify:artist:0AepkoQhYvkjEzzwIcGxdV"
    },
    {
      "name": "James Arthur",
      "uri": "spotify:artist:4IWBUUAFIplrNtaOHcJPRM"
    },
    {
      "name": "James Blunt",
      "uri": "spotify:artist:7KMqksf0UMdyA0UCf4R3ux"
    },
    {
      "name": "James Brown",
      "uri": "spotify:artist:7GaxyUddsPok8BuhxN6OUW"
    },
    {
      "name": "Jason Mraz",
      "uri": "spotify:artist:4phGZZrJZRo4ElhRtViYdl"
    },
    {
      "name": "JayMikee",
      "uri": "spotify:artist:1If5luzGOiRqMAlwPchSS2"
    },
    {
      "name": "Johann Sebastian Bach",
      "uri": "spotify:artist:5aIqB5nVVvmFsvSdExz408"
    },
    {
      "name": "Jordan Praise",
      "uri": "spotify:artist:7fG249hsXVMxhDYXtCfPzr"
    },
    {
      "name": "Judikay",
      "uri": "spotify:artist:5Ja8vZu9RqunrDS0uIFL5x"
    },
    {
      "name": "Labrinth",
      "uri": "spotify:artist:2feDdbD5araYcm6JhFHHw7"
    },
    {
      "name": "Lawrence Oyor",
      "uri": "spotify:artist:5VjrwmzHaE5YI54qdzIoiI"
    },
    {
      "name": "Lionel Peterson",
      "uri": "spotify:artist:5a6NvoJbMKKuHFIrftg1DP"
    },
    {
      "name": "Lionel Richie",
      "uri": "spotify:artist:3gMaNLQm7D9MornNILzdSl"
    },
    {
      "name": "Lloyiso",
      "uri": "spotify:artist:3CrKgAMSBXsnTugbUqpu6g"
    },
    {
      "name": "Ludwig van Beethoven",
      "uri": "spotify:artist:2wOqMjp9TyABvtHdOSOTUS"
    },
    {
      "name": "Macklemore",
      "uri": "spotify:artist:3JhNCzhSMTxs9WLGJJxWOY"
    },
    {
      "name": "Marshmello",
      "uri": "spotify:artist:64KEffDW9EtZ1y2vBYgq8T"
    },
    {
      "name": "Mr M & Revelation",
      "uri": "spotify:artist:7Cj72Nr0p08Jibt7ADcEDa"
    },
    {
      "name": "Nathan Evans",
      "uri": "spotify:artist:1PKErrAhYFdfrDymGHRQRo"
    },
    {
      "name": "Nathaniel Bassey",
      "uri": "spotify:artist:1ukmGETCwXTbgrTrkRDnmn"
    },
    {
      "name": "Nina Simone",
      "uri": "spotify:artist:7G1GBhoKtEPnP86X2PvEYO"
    },
    {
      "name": "P!nk",
      "uri": "spotify:artist:1KCSPY1glIKqW2TotWuXOR"
    },
    {
      "name": "Praiz Singz",
      "uri": "spotify:artist:7ECc1Emxj8iDTjoegcyt9h"
    },
    {
      "name": "Prospa Ochimana",
      "uri": "spotify:artist:4tFkCYyWjDUXCHKqBpqw4g"
    },
    {
      "name": "R. City",
      "uri": "spotify:artist:4TH4BHy0LdBi3dpBW4P2UX"
    },
    {
      "name": "Ronan Keating",
      "uri": "spotify:artist:3nlHsNqwCSvT988ZfSW1Yh"
    },
    {
      "name": "Ruth B.",
      "uri": "spotify:artist:2WzaAvm2bBCf4pEhyuDgCY"
    },
    {
      "name": "Sia",
      "uri": "spotify:artist:5WUlDfRSoLAfcVSX1WnrxN"
    },
    {
      "name": "Skott",
      "uri": "spotify:artist:6J3RPKUwZlKMzh3vWa9wPc"
    },
    {
      "name": "Stevie Wonder",
      "uri": "spotify:artist:7guDJrEfX3qb6FEbdPA5qi"
    },
    {
      "name": "Sweet Honey In The Rock",
      "uri": "spotify:artist:3d4KAl1xvEw3akBK6CVCCA"
    },
    {
      "name": "The Spirituals",
      "uri": "spotify:artist:1viPlR6yBVRaBcilVZ8yPy"
    },
    {
      "name": "Tracy Chapman",
      "uri": "spotify:artist:7oPgCQqMMXEXrNau5vxYZP"
    },
    {
      "name": "Victoria Orenze",
      "uri": "spotify:artist:4NS4onS3tvVfCJk2sJ7vso"
    },
    {
      "name": "Westlife",
      "uri": "spotify:artist:5Z1CCuBsyhEHngq3U5IraY"
    },
    {
      "name": "Wolfgang Amadeus Mozart",
      "uri": "spotify:artist:4NJhFmfw43RLBLjQvxDuRS"
    }
  ],
  "bannedArtists": [
  ],
  "other": [
  ]
}